Mt-enriched progenitors_name,Mt-enriched progenitors_logfoldchange,Mt-enriched progenitors_pval,Embryonic gut mesenchymal cells_name,Embryonic gut mesenchymal cells_logfoldchange,Embryonic gut mesenchymal cells_pval,Gut wall SM and ICCs_name,Gut wall SM and ICCs_logfoldchange,Gut wall SM and ICCs_pval,Villus SM cells_name,Villus SM cells_logfoldchange,Villus SM cells_pval,Mature fibroblast-like cells_name,Mature fibroblast-like cells_logfoldchange,Mature fibroblast-like cells_pval,Pericytes_name,Pericytes_logfoldchange,Pericytes_pval,Colonic mesenchymal cells-1_name,Colonic mesenchymal cells-1_logfoldchange,Colonic mesenchymal cells-1_pval,Colonic mesenchymal cells-2_name,Colonic mesenchymal cells-2_logfoldchange,Colonic mesenchymal cells-2_pval,Tmem176a+ cells_name,Tmem176a+ cells_logfoldchange,Tmem176a+ cells_pval,Undifferentiated endothelial cells_name,Undifferentiated endothelial cells_logfoldchange,Undifferentiated endothelial cells_pval,Transitioning endothelial cells_name,Transitioning endothelial cells_logfoldchange,Transitioning endothelial cells_pval,Venous endothelial cells_name,Venous endothelial cells_logfoldchange,Venous endothelial cells_pval,Arterial endothelial cells_name,Arterial endothelial cells_logfoldchange,Arterial endothelial cells_pval,Lymphatic endothelial cells_name,Lymphatic endothelial cells_logfoldchange,Lymphatic endothelial cells_pval,Capillary endothelial cells_name,Capillary endothelial cells_logfoldchange,Capillary endothelial cells_pval,Lgr5+ stem/ progenitor cells_name,Lgr5+ stem/ progenitor cells_logfoldchange,Lgr5+ stem/ progenitor cells_pval,Enterocytes-1_name,Enterocytes-1_logfoldchange,Enterocytes-1_pval,Enterocytes-2_name,Enterocytes-2_logfoldchange,Enterocytes-2_pval,Enterocytes-3_name,Enterocytes-3_logfoldchange,Enterocytes-3_pval,Goblet cells_name,Goblet cells_logfoldchange,Goblet cells_pval,Enteroendocrine cells_name,Enteroendocrine cells_logfoldchange,Enteroendocrine cells_pval,Enteric neurons_name,Enteric neurons_logfoldchange,Enteric neurons_pval,Enteric glial cells_name,Enteric glial cells_logfoldchange,Enteric glial cells_pval,Enteric neuronal progenitor cells_name,Enteric neuronal progenitor cells_logfoldchange,Enteric neuronal progenitor cells_pval,Mesothelial progenitor cells_name,Mesothelial progenitor cells_logfoldchange,Mesothelial progenitor cells_pval,Differentiated mesothelial cells_name,Differentiated mesothelial cells_logfoldchange,Differentiated mesothelial cells_pval,Macrophages-1_name,Macrophages-1_logfoldchange,Macrophages-1_pval,Macrophages-2_name,Macrophages-2_logfoldchange,Macrophages-2_pval,Erythrocytes_name,Erythrocytes_logfoldchange,Erythrocytes_pval
Gm42418,2.050854,0.0,Ptn,4.3167024,0.0,Meis2,3.4395528,0.0,Myl9,6.357422,1.6778911163207785e-119,Col3a1,6.070898,0.0,Pdgfrb,6.7837596,1.4430936214529722e-155,Meis2,3.6113727,0.0,Col14a1,4.1594977,6.901666771191041e-211,Adamdec1,8.369211,7.45359359100531e-46,mt-Nd4l,2.6259253,0.0,Cdh5,3.900877,0.0,Vwf,6.7315025,9.818029187082204e-219,Fbln5,7.3221703,1.8287700490800955e-122,Mmrn1,7.8837867,0.0,Igfbp7,7.615959,0.0,Bex1,4.493469,0.0,Epcam,5.6213465,0.0,Apoa4,8.33324,0.0,Fabp2,8.853637,0.0,Agr2,12.01832,5.748842620670654e-151,Fxyd3,6.9097476,4.000787128977417e-101,Tubb3,8.330788,0.0,Mpz,11.103612,6.571890050704327e-164,Ednrb,5.325398,0.0,Upk3b,6.214994,0.0,Msln,9.953745,0.0,Tmsb4x,2.7611694,0.0,Ctss,7.585671,2.3656004306279578e-262,Hba-a1,12.496491,2.403391865691672e-190
mt-Co3,0.7420995,0.0,Dlk1,4.229639,0.0,Mab21l2,3.70486,0.0,Cald1,4.5162992,1.2676996344865108e-117,Col1a2,6.0038905,0.0,Rgs5,8.287025,1.321126451316291e-150,Mdk,2.8566587,0.0,Lum,4.0102706,7.528713291718354e-207,Tmem176a,5.040193,1.5329236085310575e-45,Tmsb10,1.4938555,0.0,Icam2,3.765203,0.0,Cavin2,5.0471425,1.1114728025568896e-210,Fn1,5.5665154,4.508965651609231e-114,Cldn5,5.0639377,1.9414413965750416e-302,Plvap,6.4106455,0.0,Epcam,4.4348702,0.0,Cldn7,5.2297873,0.0,Apoa1,8.330999,0.0,Rbp2,7.8003387,0.0,Tff3,11.303531,1.4192552309319373e-150,Tm4sf4,8.253503,1.6200385067995616e-99,Dpysl3,5.7338777,0.0,Plp1,7.685401,9.429491756540303e-162,Fabp7,6.900466,0.0,Igfbp2,4.0254207,0.0,S100a6,5.640334,0.0,Fcer1g,8.235345,0.0,Cd74,10.031071,9.47389389431771e-261,Hba-a2,12.359651,2.554725938440625e-190
mt-Atp6,0.7363998,0.0,Cdkn1c,2.9192133,0.0,Foxp2,4.7088127,0.0,Tagln,7.4723625,2.4499515976633004e-116,Dcn,6.660593,0.0,Col18a1,5.225403,3.447560066358667e-150,Fbn2,3.2173364,0.0,Mfap4,3.470011,1.9165080275594157e-197,Tmem176b,4.396839,6.410949863651369e-44,Gm42418,1.9576218,0.0,Egfl7,3.7762299,0.0,Fabp4,6.2342343,5.385741429256861e-209,Tm4sf1,5.443712,8.083799206066595e-112,Gnas,2.256054,5.794817466343646e-293,Col4a1,5.1916265,0.0,Bex4,3.6084425,0.0,Pycard,4.5776653,0.0,Mttp,6.509332,0.0,Ftl1,2.4964297,0.0,Fcgbp,11.448082,6.618582116877124e-142,Krt8,4.9037886,9.83208473647131e-99,Tuba1a,4.0613966,0.0,Marcks,3.162971,3.2850887002662757e-159,Tgfb2,4.887304,0.0,Igfbp5,3.809444,0.0,Igfbp6,7.5929823,0.0,Tyrobp,8.098489,0.0,Psap,4.9357224,7.5950048376209245e-258,Hbb-bt,12.01571,1.6856088429028044e-187
mt-Nd2,0.802821,0.0,Meg3,3.9820652,0.0,Myl9,3.7660847,0.0,Tpm1,4.3872786,1.7879811334663903e-115,Col1a1,6.0437093,0.0,Ebf1,5.34448,1.813551951072632e-146,Mab21l2,3.4253073,0.0,Tcf21,3.615165,3.307010631611378e-197,Col6a4,9.505418,5.570083692380983e-43,Tmsb4x,1.2967736,0.0,Cldn5,4.0260377,0.0,Ptprb,5.2873454,1.8723393123334741e-199,Ptprb,5.2873693,2.1599520884318372e-111,Klhl4,5.4034023,5.968827944638918e-292,Kdr,5.656364,0.0,Mif,2.0410118,0.0,Lypd8,5.9060364,0.0,Mamdc4,6.678704,0.0,Lgals4,6.0211177,0.0,Krt18,5.189072,3.3889831304569373e-141,Aplp1,5.9563384,7.486920900811492e-93,Phox2b,6.664038,0.0,Mal,10.317742,2.6456371127200977e-157,Rbp1,3.5095766,0.0,Upk1b,5.928985,0.0,Crip1,5.5031486,0.0,Apoe,6.752044,0.0,C1qc,7.630758,1.1944330481241069e-256,Hbb-bs,10.69772,3.096780577324751e-178
mt-Nd4l,1.9222971,0.0,Col3a1,4.1242456,0.0,Psd,3.9433517,0.0,Acta2,7.1621795,8.19589248189764e-115,Postn,6.666659,0.0,Myh9,4.1194277,6.098206016771394e-137,Tshz2,2.7828603,0.0,Ifitm1,3.347466,1.4405853819934568e-190,Gm13889,5.934609,1.1326836277953477e-41,Gnas,1.483446,0.0,Ecscr,3.424478,0.0,Fbln2,5.8806653,2.73326267391669e-196,Eln,6.825557,9.187640098952053e-105,Prox1,7.473259,2.9331119350176566e-273,Flt1,6.309623,0.0,Spint2,3.0994074,0.0,Krt8,4.8837533,0.0,Acsl5,5.592249,0.0,Npl,6.8058333,0.0,Spint2,4.7269545,3.1590236134467334e-139,Spint2,4.127133,9.333604162888279e-93,Elavl4,8.39197,0.0,Col14a1,5.8683157,4.137946844649838e-154,Metrn,4.845452,0.0,Wt1,4.573309,0.0,Upk3b,6.6443644,0.0,Coro1a,6.782404,0.0,Apoe,7.8429947,1.7787929779070687e-254,Fth1,2.9835837,3.1589118910903656e-152
mt-Nd4,0.6512708,0.0,Itm2a,3.6353319,0.0,Tpm2,3.3411193,0.0,Myh11,7.4150047,1.318400212349834e-114,Gsn,5.1995945,0.0,Cygb,6.2386165,1.7015571256218502e-134,Atxn7l3b,2.060923,0.0,Lgals1,2.9759526,1.2948610434475413e-182,Col6a1,4.775067,1.2362106932920442e-41,Mest,2.3645527,0.0,Mest,2.8511584,0.0,Eln,6.211465,2.685242838586251e-195,Fstl1,3.5279408,7.598302930786087e-103,Cavin2,4.363723,2.813114318284258e-271,Col4a2,4.8045063,0.0,Krt19,3.562554,0.0,Lgals4,5.997247,0.0,Apoc3,7.3966002,0.0,Oat,4.6176033,0.0,Fxyd3,6.8455043,3.525758849829618e-139,Cck,10.108879,2.0172057380082378e-92,Uchl1,5.724713,0.0,Sparc,3.833173,7.082394875889824e-151,Phox2b,5.069202,0.0,Cryab,4.153923,0.0,Rarres2,6.086227,5.230983204788814e-307,Cst3,3.156911,0.0,C1qb,7.5637603,5.78499731670428e-253,Alas2,11.091679,2.09741979095457e-118
mt-Co2,0.5975924,0.0,Col1a1,4.044361,0.0,Meg3,3.3097026,0.0,Notch3,6.2829595,5.227074301465336e-113,Col6a1,5.0187817,0.0,Col4a1,4.640808,2.235553540421996e-132,Tcf21,3.448098,0.0,Col1a1,3.653225,3.949888532224398e-180,Malat1,3.3361597,1.3755469675200557e-39,Actb,1.0742474,0.0,Emcn,3.5495138,0.0,Cav1,4.5716853,4.9591046644737566e-195,Sox17,5.4899206,6.582014993662243e-97,Stab1,4.2996764,4.9189648568411026e-256,Rgcc,6.249624,0.0,Cldn7,3.6116402,0.0,Oat,4.195455,0.0,Apob,6.406065,0.0,Aldob,5.7658024,0.0,Tpd52,4.9243765,2.733468067689675e-138,Chgb,10.224763,5.971549932632363e-92,Map1b,4.8099036,0.0,Dst,4.8996787,1.4889313763197706e-150,Ckb,3.2287755,0.0,Tmem108,4.839414,0.0,Dcn,6.1704516,3.524441225451454e-300,Cyba,3.3167388,0.0,C1qa,7.617849,4.656079623733504e-252,Ftl1,1.6956807,6.833766360084324e-107
mt-Nd5,0.7411984,6.671290788788909e-237,Mdk,3.0749211,0.0,Lsp1,3.250352,0.0,Crip1,4.898636,4.842244910794635e-112,Lum,5.6463695,0.0,Gm13889,5.70721,2.0347050677871583e-129,Fst,5.7438073,0.0,Col3a1,3.709616,6.423624861740978e-180,Plpp3,5.0059085,6.113098324096171e-38,mt-Nd2,0.8753704,0.0,Esam,3.3551679,0.0,Calcrl,5.2392254,3.7527777372235245e-188,Gja5,8.107904,5.25000407879723e-96,Flt4,4.81937,7.547477259873873e-248,Fabp4,5.3882804,0.0,Krt8,3.3636153,0.0,Mt1,5.044687,0.0,Prap1,6.600485,0.0,Apoc3,6.4400516,0.0,Stard10,5.0668173,4.488153926056087e-138,Insm1,6.897596,8.677553254270569e-91,Cadm1,6.2641296,0.0,Dbi,3.7195125,2.9043616455519727e-150,Lmo4,3.3970656,0.0,Bcam,3.9196124,0.0,Krt19,5.317848,9.373924068860766e-299,Ctss,6.4094663,0.0,Ctsc,5.9113193,5.99973792708657e-248,Hbb-y,9.706763,1.729813910725754e-95
Rps26,0.49614283,4.757244998637542e-234,Col1a2,3.8208458,0.0,Foxf1,3.7153242,0.0,Itga1,5.414259,7.339374217875595e-111,Col6a2,4.8444805,0.0,Rarres2,4.7903886,6.775393613481905e-126,Tgfbi,3.3845325,0.0,Sfrp1,3.5576887,1.6256406811251158e-175,Ptch1,5.0776424,1.7579690920325793e-36,Fabp5,2.2761815,0.0,Col18a1,3.2571363,0.0,Cldn5,5.2254634,4.460727259510253e-188,Cldn5,4.918551,2.984404493494901e-94,Col18a1,3.554133,1.1239931028357625e-241,Sparcl1,4.267553,0.0,Stard10,3.3991072,0.0,Krt19,4.8128166,0.0,Fabp2,8.0084,0.0,Fth1,2.277027,0.0,Krt8,5.1448417,2.7318895757725826e-134,Cpe,4.282301,1.296215091258486e-87,Tlx2,6.55518,0.0,Fam198b,5.3876143,3.6721418851635484e-150,Gfra1,4.8297215,0.0,Fbln2,3.654816,0.0,Col6a1,4.73578,1.5613076889107337e-289,Rac2,7.3107696,0.0,H2-Ab1,9.090098,1.324286485276968e-245,Bpgm,4.8840203,1.74788805078501e-92
mt-Cytb,0.4850293,1.156411124559456e-223,Cxcl12,3.7261298,0.0,Mfap4,2.9257329,0.0,Tpm2,5.107404,8.245924944559997e-110,Itm2a,4.799483,0.0,Sept4,5.54353,3.61597527448431e-121,Igfbp5,3.3307352,0.0,Snai2,4.0403705,7.260994249869445e-173,Lamb1,3.479922,3.1277381434968108e-34,Fkbp1a,1.5665957,0.0,S100a16,2.929165,0.0,Ackr3,5.7757154,1.0360065630339803e-185,Pecam1,4.1724944,1.1479191669177844e-92,Gng11,3.2402847,4.731647279028754e-237,Plpp3,4.8120294,0.0,Rpl14,1.0248518,0.0,Atp1b1,4.3440685,0.0,Chpt1,5.326595,0.0,Fabp1,7.5830593,0.0,Sct,8.440702,2.1101912803292126e-132,Sct,10.678531,2.4491679925983555e-87,Stmn1,2.8626635,0.0,Egfl8,8.2407875,2.0304792677722882e-147,Sox10,6.7656217,0.0,Krt19,3.5746374,2.1773556572013657e-302,Fbln2,5.4059014,3.106567100203649e-288,Cd52,6.943082,0.0,H2-Aa,9.560768,4.978589270723627e-242,Hba-x,10.382186,1.513386775196441e-91
mt-Nd1,0.52438986,6.461925818244454e-209,Peg3,3.3852537,0.0,Cald1,2.5104866,0.0,Aoc3,7.175294,3.105335078484623e-109,Gpc3,3.8312948,0.0,Col4a2,3.977938,2.801165977936685e-118,Ptn,3.189411,0.0,Cd63,2.202051,6.037939870644085e-168,Lama5,6.0181413,3.2436902769367983e-34,Ppia,0.71327484,0.0,Plxnd1,3.1228356,0.0,Fbln5,5.527806,5.580264037093681e-184,Fbln2,5.588142,2.2399001222505155e-92,Thy1,7.8902574,5.231041753116771e-237,Eng,4.6008716,0.0,Tspan8,3.7707462,0.0,Aldh1b1,4.5572443,0.0,Ace2,6.558198,0.0,Dbi,3.2856104,0.0,Tspan8,4.9222507,5.837458168050738e-131,Tff3,7.9072237,1.1150539037025486e-85,Tubb2b,4.4543867,0.0,Epb41l3,4.8945436,3.0942622085623822e-145,Cdh2,4.0954185,0.0,Podxl,3.2161431,5.468504848140118e-302,Sparc,3.5951467,5.504161696292743e-286,Lst1,6.654906,0.0,Aif1,6.441567,7.193746209226072e-241,Blvrb,3.5787628,1.1431432493237581e-87
Hbb-y,2.60736,8.433110917065264e-177,Lgals1,3.0294962,0.0,Tshz2,2.479462,0.0,Mustn1,7.309997,6.347004871100939e-108,Col5a1,4.3954663,0.0,Cald1,3.393512,6.482622526413185e-117,Isoc1,3.0061903,0.0,Cald1,2.6087236,1.12323582962125e-166,Col6a2,4.104745,8.553276815466257e-33,Actg1,0.8549969,0.0,Pecam1,3.270362,0.0,Aplnr,4.726275,5.577855981221438e-182,Ltbp4,4.197796,7.147602735423867e-92,Ecscr,3.5213256,1.0002243230397002e-225,Emcn,4.8969836,0.0,Rpl32,0.8756179,0.0,Ndrg1,4.346907,0.0,Spink1,6.035091,0.0,Ckmt1,5.5462837,0.0,Serpina1b,7.5299854,5.934153040178426e-131,Neurod1,13.68912,1.1233761275407551e-82,Bex2,4.1393185,0.0,Cryab,5.8107605,1.3871645377529639e-144,Tpt1,0.79696316,0.0,Nnat,2.9835184,1.1369642763325173e-293,Col3a1,5.4670696,3.560481490905191e-283,Arhgdib,4.7557435,0.0,Cd52,6.661426,1.399694122557451e-240,Gpx1,2.9854677,9.416859915599553e-76
Npm1,0.40209118,1.4042313762795965e-106,Mfap4,3.4483144,0.0,Tpm1,2.383468,0.0,Mcam,4.8955116,3.1700926824186256e-107,Col6a3,4.696173,0.0,Mcam,4.45857,5.370114858694611e-116,Igfbp2,3.2576354,0.0,Colec10,6.326544,5.985974126476506e-166,Ifitm3,3.2346668,9.996519190733255e-32,Vim,1.739398,0.0,Ramp2,3.0285213,0.0,S100a10,3.1448176,4.078791193565645e-180,Epas1,4.6423335,1.3766314931382753e-91,Vim,2.4815824,1.1362938085662845e-215,Hspg2,4.3845534,0.0,Wfdc2,4.0757623,0.0,Tspan8,4.517108,0.0,Ckmt1,5.812171,0.0,Spink1,5.652116,0.0,Guca2a,7.827113,1.1362413857890912e-129,Hepacam2,8.248772,1.5584530832500125e-81,Prdx2,1.9445248,0.0,Aatk,8.062706,4.896217357464396e-144,Foxd3,6.6782517,0.0,Dcn,3.5034578,7.327391841938603e-292,Aebp1,5.197392,1.3004436658195895e-282,Laptm5,6.44515,0.0,Tyrobp,6.6371627,1.0106568103664399e-239,Prdx2,1.6910319,1.1914916754013417e-72
Rpl13,0.29602665,1.8509339066106592e-96,Slit2,3.8136482,0.0,Acta2,4.2892942,0.0,Jag1,5.5547223,6.368958880855559e-107,Dlk1,4.662213,0.0,Notch3,5.6506968,9.569027448697652e-115,Nnat,2.8263543,2.4734512255439655e-308,Mab21l2,3.1595187,8.034744413643807e-164,AW112010,6.2180257,2.880401096081242e-31,mt-Atp6,0.6965734,0.0,Fkbp1a,1.9730138,0.0,Cd9,3.4708986,7.22212377819067e-171,Gja4,5.4978547,5.141976245208187e-90,Egfl7,3.4863691,5.463164434441681e-209,Pecam1,4.506887,0.0,Krt18,3.2087321,0.0,Lgals2,4.9912395,0.0,Glb1,5.0050826,0.0,Ass1,5.7713547,0.0,Cldn3,5.3756065,1.4407779088536738e-126,Cacna1a,5.0770793,1.9213630980898076e-81,Tagln3,7.1810217,0.0,Postn,5.434991,1.9872027070094308e-141,Ccnd1,3.3229575,0.0,Smim1,3.1238525,1.1427997704308498e-284,Col1a1,5.411652,8.922932807014504e-281,C1qb,7.3101907,0.0,Csf1r,5.9867425,1.0857116418980753e-234,Car2,6.2123623,7.53483735678428e-72
Mdk,1.1294323,1.5205236074865245e-92,Plagl1,2.7603307,0.0,Tcf21,3.240261,0.0,Flna,3.970021,4.8071610467021756e-104,Col14a1,5.3290095,0.0,Rasgrp2,4.614568,1.660267842706747e-111,Basp1,2.3811445,1.9813980389450933e-300,Col6a1,2.8454726,7.73977167314095e-156,Aldh1a3,8.747937,1.161101221247332e-30,Pfn1,0.95856416,0.0,Cd93,3.2172563,0.0,Cd36,4.8059354,1.908490348183259e-166,Jag1,5.130797,7.083856432142791e-90,Lyve1,6.7086444,3.6870444696439274e-208,Col15a1,5.1079273,0.0,Cldn3,4.1248055,0.0,Spint2,3.754218,0.0,Aldob,5.847734,0.0,Apoa1,5.8886476,3.052643711407133e-303,Hepacam2,8.698347,4.080122832426556e-124,Ttr,5.254751,3.205658193863432e-80,Stmn3,8.023682,0.0,Arpc1b,3.2100618,7.175883967827604e-141,Ppp1r14b,2.2684503,0.0,Pmp22,2.856222,5.116986072303518e-267,Cav1,4.5115485,3.235206472045718e-278,Ctsc,5.23919,0.0,H2-Eb1,9.081044,1.4198095047612051e-234,Hbb-bh1,10.456967,2.557249084373863e-71
H2afz,0.4804583,1.0580770335145233e-91,Mfap2,2.627499,0.0,Smoc2,3.307185,0.0,Pde3a,4.829668,1.740908422062174e-102,Meg3,4.3124638,0.0,Itga1,4.617569,6.65693227436908e-110,Sox11,2.6913192,5.246306170825432e-297,Col1a2,3.0806375,1.1051376396985739e-152,Foxf1,4.31611,1.7657261618979283e-29,mt-Nd5,0.9219526,0.0,Gnas,1.7099848,0.0,Ramp2,3.627333,1.6656845428489492e-161,Mmrn2,4.356726,6.46119326158451e-85,Ccl21a,9.522429,8.780385879916467e-207,Egfl7,4.411851,0.0,Rpl12,1.0096365,0.0,Mgst1,3.820584,0.0,Muc13,5.605587,0.0,Cystm1,4.7121625,1.7303799980240074e-273,Gmds,4.513719,5.761569452846326e-123,Stard10,3.9595811,1.3817671811015135e-78,Sox11,3.7254374,0.0,Zeb2,4.2499356,6.116987503931798e-138,Ascl1,5.528994,0.0,Npnt,4.3935766,1.4517590086605824e-264,Efemp1,7.2912116,1.3416458879610931e-269,Aif1,6.708236,0.0,Lgmn,5.5331955,1.737261149119003e-233,Nudt4,3.8088634,5.5747683193307786e-67
Rpsa,0.35181066,2.5214096488174368e-85,Sulf2,3.0231998,0.0,Ptn,2.9119325,0.0,Eln,6.763937,1.3066454444328498e-98,Col5a2,3.6140187,0.0,Igfbp7,4.595246,1.277518047156795e-109,6330403K07Rik,2.7758453,4.779590898828158e-289,Adamdec1,5.4823866,1.9473689028335268e-142,Col18a1,3.69019,4.455030959038743e-28,Gng11,2.2497587,0.0,Kdr,2.946396,0.0,Fbn1,3.8390353,5.553625924939306e-153,Ramp2,3.6259181,4.801782147467994e-84,Lbp,5.698302,1.8429765945260609e-202,Itm2b,2.5420551,0.0,Eef1b2,1.1307305,0.0,Hspd1,2.7867846,0.0,Dgat2,6.232572,0.0,Gpx3,5.5815716,7.316546053129916e-262,Lgals4,5.77365,1.348722249994258e-121,Bex2,3.7542238,3.8901968071866403e-78,Elavl3,8.302963,0.0,Serpine2,4.824242,8.531843265162845e-138,Slitrk6,5.3593397,0.0,Itm2a,2.8370762,2.1777690074782556e-263,Col1a2,5.002118,2.050765622826087e-268,Ly86,6.9793825,0.0,Pla2g7,7.282564,3.538633173418628e-229,Slc4a1,11.046378,6.926040877279439e-67
Rps8,0.2248474,4.800214664907036e-85,Nr2f2,2.9076881,0.0,Cpe,2.904587,0.0,Actn1,4.067434,3.559145020783204e-98,Peg3,3.7968574,0.0,Ndufa4l2,5.678251,2.9716041095257345e-109,Hoxd9,5.6485133,1.871440010812961e-279,Rgs5,4.672331,2.4141195640852876e-142,Tgfbi,4.470023,5.642415463034782e-28,Gnai2,1.2380847,0.0,Tcf15,3.4374392,0.0,Slc6a6,3.7166717,2.1518079032857137e-152,Vim,2.8302274,1.022355093366939e-83,Gja1,4.0149555,3.031135468062048e-201,Ly6a,6.610785,0.0,Pcbd1,2.9050703,0.0,Ociad2,4.1710668,0.0,Naga,5.185841,0.0,Apoa4,5.1421547,4.5241337697222087e-244,Tpsg1,11.724909,9.81586698920382e-121,Cystm1,3.9009464,6.736468843991537e-78,Celf3,6.849462,0.0,Matn2,5.704742,4.0652539269749996e-137,Cacng4,4.7372756,0.0,Gas1,2.6717925,8.482832761901132e-263,Igfbp5,4.9740996,1.112534008517455e-265,B2m,2.8958833,0.0,Fcer1g,6.4554167,9.636140497217746e-229,Fam210b,4.765595,2.8851070566502353e-61
Rps3a1,0.26723212,3.0423065122812275e-83,Dcn,3.569093,0.0,Mylk,3.9271388,0.0,Ndufa4l2,5.765369,5.4423292481698626e-98,S100a6,4.127279,0.0,Lamb1,3.5580478,5.208352737329979e-109,Nfib,2.2245293,6.304362572155948e-276,Tgfbi,2.9395535,2.442844807463518e-142,Pten,3.408931,2.4645749643669395e-27,Cfl1,0.7789835,0.0,Gng11,2.7484345,0.0,Clec14a,4.222568,1.7541236463791836e-151,Cdh5,3.81259,3.652736943845415e-82,Elk3,3.2161028,1.45429617351555e-200,Ctla2a,5.136814,0.0,Rps3,0.88101584,0.0,Cdh17,4.552955,0.0,Amn,5.7010984,0.0,S100a1,5.0822673,7.007800492339151e-241,Galnt7,4.66685,1.104895088726375e-119,Krt18,3.8642366,9.383165163829119e-78,Phox2a,8.708404,0.0,Sostdc1,8.5320215,5.375436860034475e-137,Cthrc1,3.9713883,0.0,Krt7,3.342193,7.7711519371604225e-258,C3,9.324508,2.8874077087568425e-257,Fth1,1.7365551,0.0,Tmsb4x,2.6960335,5.173189144393352e-228,Creg1,3.2699144,3.7301915666322336e-58
Ppia,0.22645505,3.303479613886451e-83,Gas1,2.8051965,0.0,Foxp1,2.2720158,0.0,Gm13889,5.149148,2.1803498397610175e-96,Vcan,4.598796,0.0,Ifitm3,3.2405834,2.7823126619215333e-104,Meg3,3.0499315,1.850977058195796e-273,Mdk,2.5595465,5.904949773593435e-142,Nkx2-3,3.4067073,5.370878880842788e-27,Tagln2,1.6057245,0.0,Lmo2,3.0024333,0.0,Pecam1,3.8331292,3.580813493496141e-151,Clec14a,4.3822846,6.607724306896055e-82,Tbx1,8.034812,5.1897654916552044e-198,Adgrf5,4.8342695,0.0,Fkbp4,2.0343304,0.0,Cps1,5.1351633,0.0,Smim24,5.2385583,0.0,Scp2,3.2146556,5.208413695354583e-240,Spink4,11.165083,8.438018634883472e-118,Vwa5b2,8.2923565,1.4536990845608576e-74,Hand2,3.7163837,0.0,Olfml2a,7.489607,7.98470698554223e-136,Hand2,3.138335,0.0,P3h4,3.0559278,4.6849793054796184e-253,Krt7,4.7298603,2.2453947602897226e-256,C1qc,7.1607995,0.0,Unc93b1,5.4557266,1.0656919758256515e-222,Fech,4.11633,4.2700829121315645e-56
Ptma,0.3820019,2.790913543900576e-82,Gpc3,2.4563487,0.0,Pbx1,2.2745633,0.0,Sept7,2.7574422,4.013889634472512e-96,Mfap5,7.180412,0.0,Abcc9,4.930246,1.0190781730316169e-102,Mfap2,2.256027,4.11008129568441e-269,Lsp1,2.7874513,8.939964233804922e-136,Bgn,3.7262146,7.218944459544165e-27,mt-Nd4,0.6376001,0.0,Gnai2,1.8273051,0.0,Procr,5.19969,1.0774197616148388e-149,Vwf,5.2421627,4.699415467022999e-81,Ramp2,2.9828246,2.3560895591525375e-188,Slco2a1,6.242526,0.0,Rpl27a,0.7510251,0.0,S100g,4.3066545,0.0,Scd2,3.9184225,0.0,Renbp,4.9469466,6.091179641686982e-237,Phgr1,5.5644603,1.1711331521798708e-117,Fam183b,6.9462113,3.9365757237554366e-74,Gap43,5.6510835,0.0,Ctnnal1,5.731118,1.2796333625289105e-134,Erbb3,4.463894,0.0,Myrf,4.621739,2.946373965172366e-248,Cavin1,3.6592662,1.2301113371450435e-249,Spi1,6.8099194,0.0,Ctsh,5.2454886,6.742100513545647e-221,Snca,6.7965684,9.308061638715319e-55
Rpl23a,0.055260044,1.0308996014099093e-73,Ifitm1,2.9445179,0.0,Mfap2,2.1915116,0.0,Tinagl1,4.727289,1.0561942965185336e-94,Fstl1,3.2235727,0.0,Nid2,3.754792,4.832358754281051e-102,Gas1,2.6008823,3.679811228235508e-267,Foxf1,3.08812,7.570837324068829e-135,Tpm1,2.8900406,1.821785398069312e-26,Hbb-y,2.8816113,0.0,Plvap,2.9033084,0.0,Iqgap1,3.101217,1.912790081796467e-149,Lmo2,3.944684,4.59866266628797e-80,Fn1,3.4075615,4.850154670596846e-188,Ptprb,5.304671,0.0,Rps23,0.8988371,0.0,Cystm1,3.902756,0.0,Dbi,3.5436497,0.0,Akr1c19,4.727818,2.1106881991037737e-233,Gm1123,9.103927,1.1221571205341305e-116,Krt7,4.188857,2.1341655757860473e-73,Mllt11,5.7110972,0.0,Vim,3.0046082,7.538708422304783e-134,Celf2,2.788005,0.0,Alad,2.6925788,2.152513805180243e-247,Col6a2,4.1056223,4.520900107812858e-248,Fcgr3,6.854046,0.0,H2-DMa,7.0913157,5.634675276570056e-218,Fam46c,6.504288,7.468443068740031e-54
Eef1a1,0.19793108,3.353453887815045e-73,Rcn3,2.495613,0.0,Mdk,2.2835927,0.0,Actg2,5.446238,2.4694875278082514e-93,Bgn,3.9652283,0.0,Gjc1,3.738762,5.512830159704598e-101,Meis1,2.4966612,1.0976010185614337e-262,Zeb2,2.6210082,7.130090954193309e-132,Ifitm1,3.6264734,2.9873361737448715e-26,mt-Co3,0.56097454,0.0,Crip2,2.671287,0.0,Aqp1,6.41198,6.0647738683769136e-149,Edn1,5.8344164,1.053655533490314e-77,Nrp2,3.2818708,5.111690780333184e-187,Cdh5,4.3133926,0.0,Lgals2,3.4978187,0.0,Tm4sf20,4.3316574,0.0,Rbp2,7.3933277,0.0,Acaa2,3.6922102,2.8435554226300174e-231,Gcnt3,9.788913,6.922464739704074e-116,Chga,7.6646953,1.133430797809898e-71,Crmp1,5.3863134,0.0,Pmp22,4.2806535,3.833062974608294e-133,Pcbp4,3.0212636,0.0,Slc9a3r1,2.5318992,1.000750126187684e-245,Eln,4.281467,1.9782894467127512e-247,Ftl1,1.6298988,0.0,Adamdec1,7.616871,7.604937518880975e-218,Slc25a37,4.9791512,3.5489910274128066e-49
Rps5,0.31193662,1.5356911041985763e-72,Ccdc80,3.131684,0.0,Ldhb,2.499247,0.0,Lmod1,6.896699,4.00287709249515e-92,Itih5,6.297062,0.0,Gcnt2,5.2124085,1.1737582632898186e-99,Hoxa10,5.6286407,2.0695442194325614e-253,Gpc3,2.333367,8.861965135189391e-131,Pdgfra,5.5359735,4.881828213640702e-26,S100a16,2.220543,0.0,Ccdc85b,2.6499732,0.0,Cavin1,3.3406467,9.633721933731484e-148,Stmn2,4.2592115,1.453700969866392e-76,Aplp2,2.6141026,9.84431827680792e-187,Ifitm3,3.2934346,0.0,Rpl10a,0.8755326,0.0,Fbp2,4.067253,0.0,Alpi,6.444012,0.0,Hadh,3.5071406,2.0148687008281648e-230,Txndc5,3.79769,1.4716537646345492e-115,Epcam,4.0063276,1.352708696336161e-68,Nnat,3.6103685,0.0,Ednrb,4.9414783,4.218756761211375e-132,Cnp,4.0177636,0.0,Aprt,1.8714306,2.370315366059837e-241,Anxa1,4.78238,2.7327264124621836e-246,Ptpn18,4.072212,0.0,Ccl24,7.810197,2.004476835451579e-214,Gclm,2.846137,2.2960047318716527e-45
Tubb5,0.44411156,3.5391405121542813e-71,Lum,3.3037667,0.0,Plagl1,2.1811397,0.0,Ebf1,4.0201297,1.3752813979155507e-89,Sparc,3.0283134,0.0,Art3,7.546938,6.759026813975448e-98,Pbx1,2.2181537,3.9539322896814126e-250,Ccnd2,2.3558576,1.1263569739504047e-130,Nid1,3.2425482,5.502753021471837e-26,Crip2,2.0035799,0.0,Col4a1,2.6705616,0.0,Aplp2,2.7910938,1.470015824688976e-147,Crip2,3.1324344,1.5069893020794676e-74,Cav1,3.434704,6.434930458141183e-185,Tcim,4.407952,0.0,Rps13,0.7800775,0.0,Mgst3,3.3627238,0.0,Akr1c13,5.3099375,0.0,Mdh1,2.7692502,3.6279228172171007e-227,Clca1,12.697485,5.750748689514425e-114,Pcsk1,9.266074,5.374064644980875e-68,Eml5,7.127553,0.0,Abca8a,7.257539,4.1753655343881114e-130,Tuba1a,2.2729743,0.0,S100a6,2.7491786,2.769006969561287e-241,Lrrn4,7.185182,2.937182725184196e-245,Ms4a6c,6.722319,0.0,Coro1a,5.357899,2.6236936778738394e-211,Ube2l6,4.802167,6.475687920635844e-45
Rpl10a,0.099090315,1.3348542287548548e-67,Meis2,2.5061584,0.0,Dlk1,2.4088,0.0,Des,4.5562387,3.7706887118774994e-89,Fbn1,3.8747296,0.0,Phlda1,4.731678,6.642368147897041e-96,Gpc3,2.075876,5.926929251674074e-221,Gpc6,3.6837223,2.291631839621562e-130,Bmp4,5.314901,7.265105554253637e-26,Ptma,0.64303625,0.0,Vamp5,2.8657465,0.0,Lbp,5.0348177,1.1300881607210684e-145,Cav1,3.7627573,1.661361383521578e-74,Lmo2,3.0692952,5.307756266603037e-180,Mcam,4.507082,0.0,Cystm1,2.7224216,0.0,Akr1c19,4.124409,0.0,Fabp1,8.5372305,0.0,Slc9a3r1,3.992081,5.4081931319847304e-226,Smim6,6.254271,7.977338292017414e-113,Tpd52,3.1495795,3.7148771248287545e-67,Syt11,5.1314926,0.0,Apoe,5.4269185,8.543981264625775e-130,Chd7,3.1459112,0.0,Frem2,4.941621,5.775238338539775e-236,Upk1b,6.638736,7.626965823979273e-245,Lyz2,6.452283,0.0,B2m,3.4567804,3.7953025868566294e-211,Mkrn1,3.7558036,2.754054548826044e-42
Rps10,0.16743271,5.399204852130305e-64,Pbx1,2.3287067,0.0,Col6a1,2.228946,0.0,Mylk,4.18334,5.425406572679366e-87,Ptn,3.8641572,0.0,Gucy1a1,4.6607337,2.1444459183065816e-94,Smoc2,2.8581443,3.9390387400257054e-212,Ppp1r14a,3.3945017,5.898696316211514e-130,Foxf2,6.58673,2.497281384287012e-25,Ran,0.91955477,0.0,Cav1,2.6968277,0.0,Entpd1,4.8109846,4.487829634458158e-145,Heg1,3.8939555,4.37072332039735e-74,Fgl2,6.383753,4.684517795337361e-179,Tm4sf1,4.5313907,0.0,Rps5,0.92026067,0.0,Tm4sf5,4.1211853,0.0,Fbp2,5.299619,0.0,Fbp2,4.5339007,2.128917832578706e-213,Car8,4.3573365,1.258014977665771e-109,Ddc,5.4503455,1.1362302204479061e-66,Hoxa5,4.76242,0.0,Gpm6b,5.5417027,3.572322531829205e-129,Nell2,5.697067,0.0,Hspb1,3.3329093,4.64104299062768e-233,Gpc3,3.42816,6.362433316973533e-242,Csf1r,5.3697114,0.0,Fcgr3,5.7641735,9.503093405034059e-211,Epb41,3.3828459,1.4348203560128343e-41
Rps4x,0.19260421,6.699447537766587e-59,Grb10,2.014409,0.0,Col23a1,3.8224094,0.0,Parm1,4.83483,3.450335754790224e-85,Zim1,5.4143896,0.0,Epas1,4.07041,3.931924783864121e-93,Lgals1,2.2127454,4.734392943069796e-211,Atxn7l3b,1.8018101,1.1906559265988873e-129,mt-Cytb,1.0272892,2.643812226297942e-25,Fabp4,2.3756166,0.0,Rasip1,2.780279,0.0,Ehd4,3.7111263,1.0401451212620855e-141,Trim47,4.257567,9.513889677737817e-72,Rab11a,2.322308,1.3003608546299914e-178,Esam,4.2655807,0.0,Hspe1,1.5181063,0.0,Anxa4,3.733457,0.0,Hmgcs2,5.594484,0.0,Slc25a3,1.7490197,2.490056370615846e-209,Muc2,11.614806,1.6931931636728877e-109,Pax6,11.911305,2.574043877251218e-66,Rtn1,7.3763504,0.0,Mbp,6.448651,1.9618202016892537e-128,Zeb2,2.6162581,0.0,Gpc3,2.2718372,1.8476585515592397e-228,Wt1,5.0969844,1.2947593887501311e-241,Clta,1.8920282,0.0,Man2b1,4.2396226,9.386843903176472e-209,Gypa,9.756786,1.529663065046463e-29
Rps24,0.15790293,1.7776353594282437e-58,Igf1,3.2143197,0.0,Emp3,1.9637014,0.0,Il13ra1,5.552531,4.0828103717915363e-85,Ebf1,4.0701723,0.0,Cbfa2t3,4.465081,1.0298530780697388e-92,Cdkn1c,2.0207891,2.5460706942703403e-210,Col6a2,2.686757,5.883747427358948e-129,Lgmn,3.3604872,4.0374852266712293e-25,Calm1,0.7526446,0.0,Flt1,2.6838582,0.0,Plvap,3.986584,6.191761874713174e-141,Cd93,3.62426,1.0323980171922552e-71,Arl4a,3.074432,4.5186376904086555e-177,Nid1,3.7596745,0.0,Cdx2,3.4054902,0.0,Chchd10,3.6208506,0.0,Akr1c19,5.483113,0.0,Serpinb6a,3.2982292,5.562780499083194e-208,Qsox1,4.83937,1.4435126537600692e-108,Clps,9.05349,1.2510710124657626e-65,Basp1,2.8681867,0.0,Plekha4,7.6246886,4.6421247079584465e-127,Wwtr1,2.6017377,0.0,Aldh1a2,4.52092,2.049588606372638e-227,Laptm4a,2.3247797,5.258366957435993e-220,Psap,3.0413165,0.0,Tspan13,3.766786,1.1676772481278934e-206,Gm42418,1.1150085,5.526040600517018e-29
Rpl27a,0.11532711,3.567049053160373e-57,Tpm2,2.5270264,0.0,Osr1,3.1534233,0.0,Igfbp7,4.681866,5.542911438573927e-85,Ltbp4,3.4199617,0.0,Ifitm1,3.4828548,2.4868161660182813e-92,Hoxd10,6.6146946,3.740849072500787e-210,Pdgfra,3.6719182,1.3464194434445762e-124,Col1a2,3.3793235,5.300044834820134e-25,mt-Nd1,0.56760716,0.0,Tmsb10,1.3315324,0.0,Egfl7,3.6699665,1.4252780420881302e-140,Klf2,3.929023,2.748967773848884e-71,Prss23,3.3687022,1.2409127246110343e-174,Sox18,4.3729167,0.0,Cldn6,6.964539,0.0,Chpt1,3.6771474,0.0,Cdhr5,6.0516386,0.0,Clec2h,5.54745,1.1325116647455392e-205,Krt19,4.303239,2.9357727942912028e-108,Serpina1c,7.38226,1.3349518217455983e-64,Hoxb5,5.0007477,0.0,Cadm4,6.8149347,3.0180156178899774e-125,Gsta4,3.4551632,0.0,Aebp1,3.1781247,3.151782660097419e-220,Arhgap29,3.6337223,1.8124403259844438e-219,C1qa,6.9790397,0.0,Ms4a6c,6.043811,1.3730068196752404e-206,Pdzk1ip1,3.1418173,6.247299100879226e-28
Hnrnpa1,0.23972204,1.0972743800184727e-56,Col6a1,2.552864,0.0,Rbpms,1.8872286,0.0,Mprip,3.2659945,9.054510709887581e-85,Nid1,3.2807417,0.0,Tns1,4.09165,2.925396449381183e-92,Col3a1,2.4121797,1.3756379222097649e-207,Pkdcc,3.0054967,1.4359174514460813e-123,Igfbp7,3.2004547,6.7707340566894275e-25,Dynll1,0.76259303,0.0,Gimap6,2.8313203,0.0,Tie1,3.675476,4.116544681526994e-139,Itgb1,2.3442461,1.7163972159013452e-70,Lims1,2.6532032,1.965323621397931e-173,Ly6c1,6.9642467,0.0,Rps10,0.704051,0.0,Fabp2,4.0516405,0.0,Reep6,5.3981586,0.0,Cox7c,1.7053123,1.738787839502535e-205,Epcam,4.7040653,4.926456973795254e-108,Bsg,2.1067972,5.893835800361776e-64,Syt1,7.9778805,0.0,Qk,3.2519693,3.71485795035815e-122,Ldhb,2.5089033,0.0,Tgm2,3.6196566,3.9359621649005596e-218,Mgp,4.1007986,2.434701033532462e-218,Gmfg,4.1827483,0.0,AW112010,7.17225,2.414962369699249e-205,Rhd,9.9813385,9.9544526163968e-27
Rplp0,0.2369266,1.8230739698661352e-56,Sfr1,1.7225825,0.0,Mpped2,2.9437077,0.0,Cryab,4.615676,2.2870264651202283e-84,Akap12,3.4093466,0.0,Nid1,3.3489168,2.2433039997363746e-90,Mfap4,2.2830148,3.5906620082017604e-206,Olfml3,2.737628,1.60122588148967e-122,Hhip,7.624265,6.210361192467861e-24,mt-Co2,0.46933395,0.0,Aplnr,3.3775086,0.0,Foxp1,2.9114444,1.275479144557147e-137,Mgp,5.2323575,6.575504273236588e-70,Sox18,3.0498683,6.114196480750058e-173,Cd34,3.8187659,0.0,Tpi1,1.7053907,0.0,Hspe1,2.0128727,0.0,Lgals4,6.3273883,0.0,Uqcrq,2.3485224,3.9368643721740356e-201,Lypd8,5.13634,5.338629419881482e-108,Selenom,2.9006822,1.0114616608540787e-63,Hist3h2ba,4.1974792,0.0,Col11a1,6.7577424,1.549911927326099e-120,Kif21a,3.6072853,0.0,Tceal9,1.5381082,2.098292841321195e-214,Sulf1,4.2705135,2.7741607630574195e-215,Actb,1.2676115,0.0,Mpeg1,6.5635624,3.1157257649547168e-204,Hsd3b6,11.048098,2.6696377369768545e-26
Acta2,1.8949043,7.081335719249414e-56,Tshz2,2.2937884,0.0,Tgfb1i1,2.4228466,0.0,Zeb2,3.658651,2.7956237957518526e-83,Fbln1,3.3421545,0.0,Fabp7,4.656515,9.38211371346705e-87,Zfhx3,2.1814907,3.0400439590170132e-201,Gucy1b1,3.3960054,2.7147196878463236e-121,Pla2g4a,4.7744503,6.717318763617856e-24,Gng5,0.44480553,0.0,Col4a2,2.4137697,0.0,Cdh5,3.6013315,2.8134880131631316e-137,Htra1,6.207558,2.331652644189178e-68,Reln,6.6844077,8.188782919038999e-173,Tcf4,3.1852684,0.0,Ttr,3.136799,0.0,Plac8,3.6576338,0.0,Cdh17,5.1672797,0.0,Rab11a,3.0066457,4.9779290854224286e-201,Cldn7,4.325219,6.410512205836469e-107,Lgals2,4.3269334,4.4753864976249197e-63,Sox4,2.7132025,0.0,Metrn,4.573564,8.765527828450667e-120,Syt11,3.8164191,0.0,Ezr,2.3740067,2.5170514472429607e-212,Hspb1,4.4389205,2.7782121440925217e-214,Ctsb,2.953879,0.0,Lyz2,5.423932,7.253482032120622e-203,March2,2.679516,1.2819641565543696e-25
Rpl5,0.055734314,3.442449503576527e-55,Col5a2,2.3356779,0.0,Lgals1,2.0379891,0.0,Pdgfa,4.092767,3.5540704671312905e-83,Cpe,3.5481462,0.0,Cspg4,5.5744104,5.000749598507941e-85,Lsp1,2.3974082,1.2469337647657342e-195,Fibin,4.542821,7.817162507042493e-119,Sept4,4.689889,8.2250220281348e-24,H2afz,0.79098094,0.0,Col15a1,2.809881,0.0,Ifitm3,3.0374687,1.5532062409637579e-136,Tie1,3.7540443,3.026624130403678e-68,Wnk1,2.5421727,1.9651389816450784e-172,Ets1,3.8154159,0.0,Rpl28,0.6745202,0.0,Aldob,4.0296454,0.0,Maob,6.0777955,0.0,Chchd2,1.3236135,6.393530818098112e-201,Tspan1,6.746655,7.626782691045992e-107,Gfra3,7.2968197,4.162379631768238e-62,Kif5c,6.7103686,0.0,Sorbs1,4.9358325,5.974737631071349e-117,Gm12688,6.565499,0.0,Tmem151a,5.0934653,6.614747859604221e-212,S100a11,2.6998682,1.0190575714020594e-209,Lgmn,4.375999,0.0,Ms4a6b,5.8341184,1.0292685480197313e-202,Bnip3l,1.4121541,1.199798869505535e-23
Ubb,0.010287929,1.153901407417356e-53,Basp1,2.2184188,0.0,Actg2,4.157855,0.0,Axl,4.1110225,7.108165912685103e-81,Serping1,4.5167985,0.0,Lhfp,4.540321,6.685413712541232e-83,Chd3,1.9532949,3.973921625954089e-192,Rcn3,2.233363,5.0959512196567764e-117,Cebpd,4.1808815,9.699061695004016e-24,Tubb5,0.8538713,0.0,Gimap1,3.0529172,0.0,Txnip,2.8345299,1.5537799783421692e-136,Mecom,4.6320167,3.412574013923574e-68,Tie1,3.1865647,2.73757393839652e-169,Vwa1,5.4885607,0.0,Rpl3,0.9446244,0.0,Spink1,3.7064116,0.0,Creb3l3,6.877013,0.0,Sult1b1,4.990303,3.3377891075501935e-200,Galnt12,5.8995943,2.4233728094369095e-106,Scgn,11.09793,1.4797981818762462e-61,Scg5,5.825138,0.0,Sema3b,5.853512,9.65064022120098e-116,Serpine2,3.2317383,7.4005295420537e-309,Dlk1,2.6743052,1.2623309405458526e-210,Gas6,4.0326295,1.1438385042661049e-209,Sh3bgrl3,2.04106,0.0,Gm2a,5.223245,3.869615083356501e-202,Ermap,8.744655,1.5447147475786757e-22
Rpl11,-0.014119527,3.3195320905195625e-53,Sfrp2,3.527793,0.0,Emilin1,2.109987,0.0,Mef2c,3.5805366,4.310652642962527e-80,Zeb2,3.3153687,0.0,Bgn,3.3075037,1.5121171533422506e-82,Zfhx4,2.589001,4.199442429689974e-184,H2afy2,2.2829313,3.9976805087701493e-116,Npnt,5.83122,5.158771544249856e-23,Eif5a,0.7472813,8.2845677179555e-310,Ctla2a,2.7966852,0.0,Palmd,5.388723,1.5996818414881613e-136,Col18a1,3.4182372,4.451915253795731e-68,Ptpn18,3.0457802,1.6582657561514656e-168,Sparc,2.9715197,0.0,Rps20,0.6704649,0.0,Klf5,3.9855962,0.0,Myo15b,5.362803,0.0,Hmgcs2,4.4140153,3.3243878955069713e-196,Tspan13,3.3592787,2.457907784553389e-104,Isl1,5.618051,2.7141707089044463e-61,Pcsk1n,7.0079083,0.0,Timp3,3.8692262,3.818794245379e-115,Dnajc1,2.6486366,7.058220094323696e-308,Col3a1,2.7078376,8.959376329579772e-210,Col5a2,3.1943707,5.091450410341504e-208,Unc93b1,4.8725743,0.0,Ly6e,4.0799294,7.2223763544234205e-202,Kel,11.12177,7.848090383087337e-22
Cdkn1c,0.6634984,1.638357137918259e-46,Kcnq1ot1,2.1770139,0.0,Cdkn1c,1.8348536,0.0,Cavin3,3.1132085,5.673591517657493e-80,Pcolce,4.1551776,0.0,Ggt5,6.2746315,1.172876244267359e-81,Clmp,2.843177,4.543182668539735e-182,Dcn,2.8346004,1.040632206480052e-115,Txnip,2.623941,1.4497041509424996e-22,Hspa8,0.44171816,1.9098470532684736e-304,Tmsb4x,1.195654,0.0,Emcn,3.7505097,2.0546786964063365e-135,Cavin2,3.4433882,6.696130727132163e-68,Sgk3,3.8429868,2.51992897975173e-163,Msn,3.312232,0.0,Rpsa,0.92531383,0.0,Ckmt1,3.8344567,0.0,Bpnt1,4.923611,0.0,Bex4,3.8996942,1.067011900064782e-191,Fut2,8.784787,1.4526311971141284e-103,Anxa4,3.2743394,3.574168085280236e-60,Jpt1,2.309086,0.0,Sfrp1,4.1710753,4.504804039787255e-115,Ptprz1,5.8486342,1.7442989134486526e-306,Muc16,5.9058266,1.783036871824882e-209,Col14a1,4.2691255,3.748193863290972e-204,Arpc1b,2.1753645,0.0,Ly86,5.703745,2.2635856811115247e-199,Oaz1,0.69919336,1.5027048675795823e-20
Rpl8,0.10104622,2.956345938141981e-45,Emp3,2.249961,0.0,Col3a1,2.0780044,0.0,S100a11,2.790459,9.016406880584744e-80,Cxcl12,3.8162963,0.0,Tgfb2,4.070555,1.7597966105798774e-81,Tpm1,1.6563262,5.662319283894158e-177,Ogn,3.4887078,1.1782751850605247e-113,Col6a3,3.8420525,5.192026138341172e-22,Tcf15,2.9452744,2.4943244475042517e-297,Vim,2.0341368,0.0,Fstl1,2.8577206,1.1394986510080822e-132,Tek,4.1877365,6.128525134211622e-67,Cd47,2.4234693,6.821700648660047e-163,Cd93,4.2622275,0.0,Ldha,1.6245693,0.0,Vil1,3.975547,0.0,Sult1b1,5.793227,0.0,Chpt1,3.9233603,7.292534359356472e-191,Selenom,3.4389093,1.7385498205865563e-103,Cldn7,3.467253,5.856359271246979e-60,Chrna3,7.3566976,0.0,Ank3,4.871057,4.864533079861313e-114,Ncam1,2.672295,2.7378646534106517e-302,Rcn3,2.1699183,1.1892144346775006e-207,Loxl1,4.0777106,5.109451434391308e-203,Fau,0.95210224,0.0,Prdx5,3.1876502,3.790135718232232e-197,Tmcc2,4.447661,5.53634784142402e-20
Rack1,0.09637018,7.245745370353421e-45,Serpinh1,1.9481969,0.0,Gas1,2.096485,8.41206447074106e-309,Lgals1,3.2879026,9.465205815082937e-80,Nfix,3.6513908,0.0,Fn1,3.4335558,1.9068566043213914e-81,H2afy2,2.0045216,2.2287219468531223e-176,Vcan,2.668179,1.5501573297665773e-112,Meg3,3.2581747,7.734645553376848e-22,Hsp90ab1,0.5474333,1.9596404981532613e-262,Abhd17a,1.9595733,0.0,Klf2,3.9600923,6.33643129550737e-132,Cavin1,3.1563928,2.5651594522668596e-65,S100a16,2.620688,1.9764767260480055e-159,Pcdh17,4.6590676,0.0,Akr1c19,2.571044,0.0,Prap1,4.4648714,0.0,Neu1,4.8126397,0.0,Slc25a5,2.0475473,5.513429722033665e-190,Smim14,3.379475,9.19332576855096e-103,Scg3,5.8903184,3.150194752008007e-59,Ppp1r14b,2.2574308,0.0,Cnp,4.757909,5.0895295711267774e-114,Tshz1,2.8211102,1.7650165571628208e-299,C1qtnf4,3.3161764,2.166081563356684e-205,Ezr,3.268922,2.5748260036657228e-200,Ms4a6b,6.420207,0.0,Ctsb,3.3401105,8.209670833166778e-197,Trim10,11.539749,2.3395047303175565e-19
Rps6,0.009851726,1.4612051870291987e-43,Igf2r,2.1774852,0.0,Col1a1,2.0287337,1.369133437817295e-308,Map3k20,4.8804893,6.474914745197574e-79,Ahnak,2.9047375,0.0,Mfge8,3.3545012,8.600171981204003e-81,H2afv,1.4803782,6.62849235558032e-172,Fn1,2.4174552,6.963882109541696e-112,Myh9,2.644387,2.168775160679252e-21,Tpm4,1.0931448,7.130129916576263e-262,Tmem255a,3.3455956,0.0,Rapgef5,3.9926984,6.931111081548856e-132,Vegfc,5.0733323,4.382891720708536e-65,Degs1,2.703449,8.880344164944248e-158,Epas1,4.6742935,0.0,Rbp4,4.984028,7.528137830492555e-309,Eps8l3,3.9942153,0.0,Eps8l3,5.239022,0.0,Selenop,3.235975,1.654253502551852e-188,Ramp1,4.890588,5.856820652044423e-102,Cdkn1a,4.860263,1.2652922692084863e-58,Hoxb4,3.5491917,0.0,Gas7,5.128048,7.407439576313892e-113,Marcks,1.6931293,5.443809516564717e-298,Npm1,1.1789416,1.0005725047164629e-204,S100a10,2.5677702,7.961474438947168e-199,Itm2b,1.9658134,0.0,Mafb,5.09575,1.6579023438959553e-196,Pim1,2.7787302,1.61416002324778e-16
Eef1b2,0.03489094,1.4742837469535448e-40,Islr,2.9895015,0.0,Atxn7l3b,1.4094803,1.0874232077635028e-301,Gucy1a1,4.4054832,8.281035882134794e-79,Mfap2,2.738882,0.0,Zeb2,3.3456268,1.347078613311284e-80,Cdh11,2.220307,3.541108515564107e-170,Serpinh1,1.8565792,4.1411236405157936e-110,Itgb1,2.0090888,3.644857593061741e-21,Ramp2,1.5973027,3.6062118663975775e-255,Actg1,0.98435223,0.0,Itgb1,2.405584,4.899198768620638e-131,Azin1,3.5366488,4.683025382415587e-65,Ppfibp1,2.86167,1.849057142862939e-157,Mgll,4.6326466,0.0,Crb3,3.2746747,1.5732814431526837e-306,Ugt2b34,4.381238,0.0,Calml4,4.382403,0.0,Akr1c13,4.443906,1.702472824540203e-187,Scin,6.4196644,6.6328502544363545e-102,Rimbp2,9.625607,8.764100674023706e-58,Ptma,1.1219649,0.0,Col18a1,3.7687933,8.182520458285645e-112,Gpm6b,3.7830915,7.522312387063896e-297,Cdh3,3.795653,7.852870449837862e-200,Cdh11,3.4599223,1.496882328545706e-197,Rgs10,3.7026494,0.0,Sat1,3.6450655,2.9061123315795956e-195,Glrx5,1.2982198,2.58701847779154e-16
Stmn1,0.48860225,1.4406688970313547e-39,Nrk,3.1605518,0.0,Pde5a,3.1115856,1.1741153499971774e-301,Lgalsl,4.652959,2.0506129631181095e-78,Sparcl1,3.0240214,0.0,Axl,3.8952353,3.5716561148670445e-79,Hmgn1,1.2910414,4.035473197742808e-168,Gucy1a1,3.2779431,4.1510923083812183e-109,Lhfp,4.068866,2.4675848224629933e-20,mt-Cytb,0.39525375,1.0565183517729667e-244,Cd34,2.5248199,0.0,Crip2,3.0246398,1.9979957657869355e-128,Iqgap1,2.9364154,1.6433137246562805e-64,Timp3,2.8151748,1.5983916152885187e-151,Thbs1,5.146039,0.0,Rpl19,0.7121402,1.0689470386130292e-305,Gna11,2.8744059,0.0,Mogat2,5.526076,0.0,Anxa4,4.1338677,7.838574180622589e-186,Foxa3,6.715504,1.5894348029411322e-100,Prnp,3.0386984,3.680597900535125e-57,Hsp90aa1,1.8867742,0.0,Adam23,7.1119976,3.5061240748552575e-111,Sox4,2.0558121,5.200812751047655e-293,Lrrn4,5.295676,4.808790853369323e-198,Lgals3,5.0313272,2.1470729314263736e-197,Ctsh,4.060067,0.0,Gatm,5.019974,8.143920376899703e-195,Ppp1r15a,3.20106,4.922783589143097e-16
H3f3a,-0.071771696,5.973905047930028e-39,Col5a1,2.4922316,0.0,Actn1,2.0262244,1.0058444056226975e-295,Inpp4b,6.1014977,4.911065104204208e-78,Laptm4a,2.0287054,0.0,Id3,2.6355486,4.482235591913656e-79,Hoxd11,6.6915894,8.880428207090986e-168,Meis2,2.189643,2.2988073947598396e-107,Pros1,4.993562,5.916387385008412e-20,Rps6,0.33575132,4.577524971933552e-236,Plk2,2.6757329,0.0,Utrn,3.2488005,1.5222417150910085e-127,Ehd2,3.5234473,1.861112786285081e-64,Myzap,3.8740509,5.147785201639612e-148,Myct1,4.4942694,0.0,Hsp90aa1,1.444746,3.842731707333332e-305,Otc,4.4270372,0.0,Renbp,4.857888,0.0,Guca2b,5.4173393,1.657220973445308e-178,Krt7,3.945099,2.412139969355905e-99,Hmgn3,3.2476897,5.6975018843286604e-55,Mxra7,3.0628061,0.0,Nid1,3.4950027,4.878289073571262e-111,Plp1,5.197176,2.1035432558846228e-290,Col1a2,2.366577,1.4346246806654076e-196,Rspo1,5.9444685,2.1874109813434954e-197,Cd68,6.16043,0.0,Spi1,5.4348254,2.162271471649487e-194,Pabpc1,0.7166131,1.5859201961632601e-15
mt-Nd3,0.117468014,1.0831455937963998e-38,6330403K07Rik,2.542841,0.0,Meis1,2.0733795,6.04028733045364e-291,Itgb1,2.4812727,9.930653515155769e-78,Igfbp4,2.3000944,0.0,Foxf1,3.5625083,4.71539792951901e-79,Ldhb,2.06493,4.373002100816476e-167,Acta2,2.4031699,1.3777759208379407e-102,Tnc,5.3123045,6.932349656388625e-20,Plvap,1.5622653,2.9896250451936876e-229,Elk3,2.4025235,0.0,AU021092,4.688472,1.9664874374437697e-126,Efnb2,3.722077,2.4782623247331613e-64,Cdh5,2.707567,7.73174235525246e-148,Cd300lg,8.077618,0.0,Rps19,0.75811595,8.303863704823839e-305,Gipc2,3.7838352,0.0,Ctsa,3.9748895,0.0,Cox5a,1.7266595,7.811792757631754e-176,Gfpt1,3.8581061,3.008907387629264e-99,Serpinb1a,3.601449,2.279004853252177e-54,H3f3a,1.0327502,0.0,Ttyh1,6.2373543,5.3928527958921825e-111,Tbx3,3.3106582,1.4011019171169602e-289,Mdk,2.2307448,2.7882657777365306e-195,Gpm6a,6.5987644,4.321797567065361e-195,Lcp1,3.4182224,0.0,Lst1,5.27855,5.9001795084178816e-192,Hmbs,2.066567,7.97697218832367e-15
Rpl3,0.05243501,3.713002353450472e-38,Fbn2,2.4368393,0.0,Cnn2,1.8550379,7.236504276868665e-290,Mfge8,3.4495654,1.0225569305441684e-76,Matn2,5.0470047,0.0,Ednra,5.130908,1.9875882579792305e-78,Rnd3,2.6180859,1.220677197129421e-165,Cdh11,2.3703198,1.6689121107621847e-102,Ghr,3.0651472,9.490074248984683e-20,Prdx1,0.39639595,5.743645707255104e-229,Bst2,2.3693094,0.0,Plxnd1,3.1921856,8.399175926385998e-126,Icam2,3.4831698,2.8433331313038385e-63,Myct1,2.9372723,2.2660282433132912e-147,Ramp2,3.3666542,0.0,Rpl26,0.6898636,1.5357456607564383e-302,Akr1c13,3.8173056,0.0,Sult1d1,5.3288336,0.0,Prap1,4.2904954,3.2404709543930366e-173,S100a6,3.906018,3.2584155209355117e-99,Rbp4,5.8718786,2.768332213388631e-54,Tubb5,1.8562682,0.0,Gfra3,8.66082,1.1783541515514559e-110,H2afz,1.5850068,9.205592294603677e-280,1810058I24Rik,1.5852524,1.0629807467478662e-194,Nbl1,4.4064536,1.6924085435111243e-194,Pld4,6.6382613,0.0,Ptprc,6.1264563,7.986428866226827e-191,Ube2o,3.1037362,3.4774376719044185e-14
Rps9,0.08725476,4.991015674941809e-38,Col6a2,2.5414813,0.0,Ifitm1,2.1855395,8.569565820705952e-290,Cavin1,3.311995,1.6113312438884475e-75,Nrk,3.9105058,0.0,Tmem176a,2.5699399,1.6483912400966805e-73,Tceal9,1.3037452,2.329228274440664e-163,Fbln1,2.0838077,6.328569112013535e-101,Gpx3,3.1340992,4.999289311863688e-19,Nes,2.3313777,5.546101212721902e-222,Tie1,2.706325,0.0,H2-D1,3.0926073,3.2464339918346985e-125,Sox18,3.4344432,3.225986333186546e-63,Pard6g,4.0107536,2.8805858403084807e-145,Robo4,4.933957,0.0,Rpl13,0.6428809,1.9132795353724986e-301,Hadh,2.8282561,0.0,Tm4sf5,4.8657846,0.0,Eps8l3,4.30864,8.567479793156601e-169,Lsr,4.05281,1.9065737025517564e-98,Rph3al,5.4144654,1.6353252116816393e-53,Stmn2,5.107012,0.0,Itga6,3.694224,2.752442099600773e-110,Stmn1,1.876343,1.8791346351615903e-278,Cavin3,2.046383,1.149683432145109e-193,P3h4,3.7422614,3.6484524226318394e-190,Cotl1,2.3590887,0.0,Npc2,2.695033,1.405548426622632e-188,Cd59a,2.8937314,5.858180956318336e-14
Rps20,0.06722294,6.372510810762952e-37,Maged2,1.928196,0.0,Tgfbi,2.3868785,1.2183340227696442e-285,Rbpms,2.8694232,1.0567017340556964e-74,Malat1,2.4746706,0.0,Slc12a2,3.7717693,1.54944572858113e-72,H3f3b,0.89768666,1.890710997551765e-161,Rcn1,2.0300753,1.0850071550087676e-98,Col5a1,2.7933683,8.182739983869171e-19,Icam2,2.2078125,2.2589608366045066e-216,Cavin3,2.1709368,0.0,Ece1,3.2333605,3.046179018615202e-124,Ehd4,3.3976142,3.3625425406336477e-62,Tmsb10,1.3057114,4.5775422566410246e-144,Plpp1,3.9864419,0.0,Rpl8,0.8192285,2.100739156758558e-299,Amn,4.1145315,0.0,Tm4sf20,4.9949813,0.0,Calml4,3.723878,1.6669787137292646e-167,Ehf,6.589454,7.371470110902384e-97,Cldn4,4.6927905,2.489474546348808e-53,2010111I01Rik,3.1561828,0.0,Lamb1,3.4140563,5.0066969828401734e-108,Jpt1,1.7584643,1.3311763409945042e-264,Wfdc2,3.7081885,1.1949317442383187e-193,Dlk1,3.6755493,3.688101752146604e-189,Fyb,5.770856,0.0,Fth1,2.0264626,2.3109340409205687e-188,Fam220a,2.5990536,1.9057562620671407e-13
Rpl18,0.08362859,2.4558178850804165e-36,Nenf,1.7338778,0.0,Sfr1,1.3433397,1.721232467316277e-284,Carmn,4.9774036,2.0995648344024977e-74,Eln,3.8588972,0.0,Spon2,5.6547647,1.3056232193051815e-69,Myl9,2.1291196,3.604860086260446e-160,Nkx2-3,2.202569,9.225731856029637e-98,Bmp5,6.6443024,1.0998183064885952e-18,Rbp1,1.1635487,1.4823943646992861e-213,Ralb,1.9976398,0.0,Jam2,4.7859387,3.0585384834338447e-124,Sema3g,6.427812,3.458467249111219e-62,Slc45a3,8.409014,1.87247235535412e-143,Rflnb,4.0470586,0.0,Rack1,0.84744966,3.934363731986578e-298,Calml4,3.3484585,0.0,Cystm1,4.634478,0.0,Plin3,3.4743812,2.0364611095144095e-167,Ccl9,6.8904014,7.373811366766197e-97,Lsr,3.529568,4.069517844447044e-53,Ttc3,2.1937275,0.0,Lpar1,4.3204384,5.0769583689876585e-108,E130114P18Rik,5.9622893,1.8106649469409496e-260,Cnpy2,1.615269,4.658576676862929e-192,Aldh1a2,5.1150913,8.061821758296171e-186,Cd53,6.5143495,0.0,Ms4a6d,6.022433,6.151744230750724e-188,Nt5c3,2.308122,4.1095536891001537e-13
Rps7,-0.012194806,3.2245010756831595e-36,Zeb2,2.3481064,0.0,Fbn2,2.1014433,6.896391487022574e-283,Col4a1,3.5404775,2.2202679707455606e-74,Mgp,4.0952606,0.0,Kcnj8,4.162304,1.635973237757473e-68,Foxf1,2.6459544,4.3080347905623284e-160,Mfap2,1.962706,1.3498165731108447e-97,Plac8,3.0855193,2.212948008852519e-18,Rps2,0.39054313,1.5794647054650327e-206,Eng,2.2237732,0.0,Lmo2,3.2846014,9.427833605846628e-123,Sparcl1,3.0225127,5.811828355597731e-62,Sptssa,1.9145975,1.109766099744594e-136,Gimap6,4.0190077,0.0,Npm1,1.0982567,1.5770706821258335e-295,Dbi,2.3655093,0.0,Pdzk1ip1,5.3359413,0.0,Txndc17,2.2049901,4.744765743931427e-164,Ms4a8a,5.6180573,8.882196468054384e-97,Gch1,4.455547,9.412881368923795e-51,Nsg1,3.8168347,0.0,Lama2,6.530158,1.0711758561204359e-107,Pmepa1,2.379778,2.6432410911929574e-257,Tmem176b,1.652337,6.832986181523398e-188,Col5a1,3.2124689,3.2911495110240716e-185,Pf4,7.0783167,0.0,Cyba,3.0309594,4.1870293218768887e-187,Tspo2,8.459726,2.095373350306466e-12
Rpl22,-0.14896789,2.2141197224225804e-33,Tpm1,1.8290464,0.0,Ppp1r14a,3.040072,9.270770849272643e-279,Vcl,3.7320158,2.5031185692976125e-74,Tnxb,5.9110074,0.0,Des,3.5170844,1.666991538004074e-68,Col1a1,1.9178876,6.189509131234471e-158,Hmgn1,1.3940287,1.4583860947623476e-94,Cebpb,2.8032296,3.897254670771217e-18,Eif4a1,0.34567103,1.265769920725917e-194,Tspan6,2.1969264,0.0,S100a16,2.9140692,1.9429462839212438e-122,Ecscr,3.1447413,4.0023405525385983e-60,Nudt4,2.7191508,1.7458911208508646e-135,Cd81,2.1054316,0.0,Rps3a1,0.6900639,3.1516781093692037e-292,Gsto1,2.929926,0.0,Clec2h,5.9149485,0.0,Cstb,3.143755,3.4649018996053854e-163,Spdef,9.959942,1.0434116894333477e-96,Smim22,3.5693083,1.3323015419680233e-50,Miat,6.0150037,0.0,Col1a2,4.290551,1.9956255031992131e-106,Zfp536,5.0314007,1.143011802496157e-256,Col1a1,2.476033,4.0871036913708434e-187,Ahnak,2.888742,4.392493357143592e-183,Psmb8,4.452586,0.0,Lpcat2,5.9942017,8.477715275317027e-186,Rbm38,3.0701199,3.981214147426052e-11
Rpl32,0.10715001,6.856839538323878e-33,Sfrp1,3.0346026,0.0,Nrp2,2.319148,7.728560128647008e-276,Aspn,5.006795,6.114285252979252e-74,Clec3b,9.259449,0.0,Myo1b,3.0851467,8.744977275316621e-68,Pafah1b3,1.5143766,1.1172605434693242e-156,Lpar1,2.946276,1.746525939875404e-94,Pdgfrb,3.802737,3.910898932690744e-18,Arpc3,0.7660013,5.93570305105491e-194,Hspg2,2.122597,0.0,Eng,3.2009892,3.012865275008883e-122,Igfbp4,2.2822487,3.920164342067974e-59,Cav2,3.1707077,2.3494373388246648e-134,Sptbn1,2.4307916,0.0,Rpl18,0.7542338,3.336713574342375e-288,Mapk13,3.4779859,0.0,Mt1,5.5740647,0.0,Glrx,3.8020763,2.923065508936981e-161,Tm9sf2,3.2286122,3.3204244801697816e-96,Lgals3bp,3.86636,2.212191783405388e-49,Enah,2.9113297,0.0,Plekhb1,6.323581,2.347308598087059e-106,Sox2,6.206507,1.445725407997827e-251,Ppp2r2b,4.4595184,1.4764765513866959e-182,Ncoa4,3.1631215,1.3992314385566177e-182,Cyth4,6.255727,0.0,Cybb,6.139472,1.9056420107266517e-182,Epb42,9.138979,1.0805200475048415e-10
Rpl41,-0.12416085,9.867525000413925e-32,Cd63,1.7367976,0.0,Anxa6,1.6654785,9.079547206428013e-272,Rasgrp2,4.0055785,2.2316486595970218e-73,Rcn3,2.7073867,0.0,Igfbp3,3.4905367,1.7903195547051114e-67,Trps1,2.6906412,8.961467024733808e-151,Wnt5a,3.0999527,4.636726806607342e-92,Sfrp1,3.187825,4.8843289574608744e-18,Plxnd1,1.8776654,1.653222138449477e-189,Fabp5,2.1109617,0.0,Ecscr,3.2580771,3.0665112397633e-121,Egfl7,3.042558,1.0142701109372675e-57,Map4k2,3.9890385,8.312594339304642e-134,App,2.7035024,0.0,Hspd1,1.7063972,2.8294061015619276e-287,Pcbd1,3.3174057,0.0,Pls1,5.4608283,0.0,Atpif1,1.378403,9.515631054572343e-161,Ndrg1,3.5381298,1.4524235895954818e-95,Plac8,3.1772888,2.621809330130815e-49,Srrm4,7.76544,0.0,Col3a1,4.420442,7.36750013734282e-106,Psip1,1.940661,1.0376957508095666e-248,Sulf1,3.05215,3.7740411688827966e-182,Dmkn,9.171883,2.173298521260782e-181,Cx3cr1,6.817073,0.0,Cst3,2.7262962,9.892580812304712e-182,Mllt3,2.4590833,1.734341710187611e-10
Hsp90ab1,0.085174136,2.107066815261648e-31,Maged1,1.715602,0.0,Gm266,3.0897305,1.9240579080869985e-271,Myl6,1.7229971,2.4979388539284097e-73,Vim,2.182987,0.0,Lpl,4.6617117,6.205800977670558e-66,Prdx2,1.1118513,1.3783858434584287e-150,Tpm2,2.0253112,6.034359029001669e-92,Cald1,2.235934,5.385381240211296e-18,Lmo2,2.0551574,3.3896317110136677e-183,Sox18,2.4448056,0.0,Nrp2,3.0410843,1.1418567630767196e-119,Esam,3.0875368,4.0806457512536576e-57,Mgat4b,2.4528122,1.4775922954547266e-133,Srgn,4.6338515,0.0,Rps4x,0.6970496,7.777276816001493e-287,Mamdc4,3.957447,0.0,Acaa2,3.9456086,0.0,Cox8a,1.1401367,3.2287493364959676e-150,Atp1b1,3.6955073,4.994836293065665e-94,Myl7,6.3276625,3.1995342483585577e-49,Gng2,2.9193108,0.0,Fabp7,5.10334,1.7550761135663885e-105,Ttyh1,5.869227,1.6115039915450983e-247,Il18,3.7663794,8.716973356966134e-180,Cldn15,5.5721617,7.209179371209084e-181,Pfn1,1.2092113,0.0,Cebpb,3.839521,1.3086407252171216e-179,Fam174b,2.6243305,8.681366586220248e-10
Rpl19,0.025607305,2.233021234134008e-31,Meis1,2.218995,0.0,Kcnk3,3.9905655,4.684987366044175e-269,Lmna,3.277174,5.323797128724646e-73,Nfib,2.3525367,0.0,Thbd,3.810071,8.034471019645926e-66,Kcnq1ot1,1.6294307,1.183729036830871e-149,Nfia,2.0554402,8.044098939050972e-92,Tgfb1i1,2.8269484,9.474551334427333e-18,Ptp4a3,2.0178185,2.08141529900706e-180,Tmem88,2.4746919,0.0,Kdr,3.1891747,4.033027262907666e-117,Col5a2,2.913836,3.22108123555734e-55,Fxyd6,2.8429036,3.205764841379502e-133,Anxa3,3.270272,0.0,Rps6,0.8171289,1.723931386949412e-283,Txn1,1.7684443,0.0,Slc7a9,5.682016,0.0,Cndp2,3.9380887,7.106891957452312e-150,Gale,4.4933596,5.741787026348527e-94,Scg5,4.7758784,4.54510868612665e-49,Fgf13,5.8471727,0.0,Cnn3,2.707169,4.4278825034302366e-105,Qk,1.9134136,3.106794118589758e-243,Siva1,1.7468646,6.360003080728949e-178,Slc9a3r1,3.1376526,2.1529851779642213e-180,Gpx1,2.0998936,0.0,Plbd1,5.959721,4.182975253677964e-179,Grap2,7.687477,9.009814735946681e-10
mt-Co1,0.10322079,2.7520240577854376e-30,Tenm4,3.3907738,0.0,Itm2a,1.8306706,3.058245364872601e-267,Bcam,4.21679,7.828978090686237e-73,S100a11,2.2177393,0.0,Pik3r1,3.119733,1.4824425919705875e-65,Zcchc11,1.7239054,1.1377961031523312e-148,Itm2a,2.0410724,7.156449071374482e-91,Zbtb20,3.0014205,1.1078967956188287e-17,Emcn,1.6489667,1.0031032058187719e-179,Aplp2,1.8593398,1.286832488403105e-301,Tek,3.8143287,2.1435684379620104e-116,Cd34,3.0921721,3.330827819039761e-55,Cpne2,4.3941236,8.511509186951608e-133,Lama4,3.6716084,0.0,Rab25,2.8608944,1.4577055266048552e-279,Smim24,3.658962,0.0,Ass1,5.003186,0.0,Acadl,3.0985746,7.747203900025625e-149,Muc13,3.97537,3.3428047038240806e-92,Smim6,4.9884377,1.0145058618508094e-48,Cd24a,2.6301618,0.0,Foxd3,6.105591,7.718421227045634e-105,Cadm1,2.7285266,6.287974140477241e-238,Hmgn1,1.3351272,3.2848590642330134e-176,Podxl,3.4642391,2.869961862901334e-180,Sirpa,4.4753146,0.0,Rac2,5.047975,8.712036897643233e-179,Fam104a,0.96413124,9.168657686902264e-09
Rps19,0.07864213,1.9052235137919695e-29,Cdh11,2.3893998,0.0,Rnd3,2.6700156,4.397505080110572e-267,Fhl1,4.769324,2.41220201892588e-72,Slit2,3.5874257,0.0,Gipr,8.426511,3.3701518205734683e-65,Myh10,1.7724656,2.5418007172708627e-148,Pcolce,2.6309834,7.842528238115807e-91,Rarres2,3.916362,1.935533930239435e-17,Cd34,1.5556662,1.4117790447708798e-175,Arhgap18,2.5788224,2.8798826433155245e-301,Megf6,4.4410105,1.1051498245632602e-115,Pcsk5,4.1430674,3.727255067265933e-55,Tgfbr2,2.5766284,1.3501694776658676e-131,Plk2,3.841914,0.0,Sox9,4.598407,6.216414030177044e-279,Cldn3,4.3883553,0.0,Vil1,4.8311048,0.0,Pls1,4.6945114,1.323614742610311e-147,Tm9sf3,2.506,7.665233405413265e-91,Pcbd1,2.9486783,6.520048852387111e-48,Csnk1e,2.5282726,0.0,Ncam1,3.464436,5.663942505060991e-104,Fam184b,5.3796973,3.380918568606931e-232,Maged1,1.6669425,2.8481981275310736e-174,Meg3,3.5848856,2.694960258919398e-177,Selenop,2.822966,0.0,Rgs10,3.9967408,3.598905754666171e-177,Slc20a1,2.2241158,1.0835706366230751e-08
Rplp1,-0.16151346,6.696161162830351e-29,Ncam1,2.436644,0.0,Grb10,1.4839705,6.4751301248847066e-260,Dstn,2.5484517,3.5916668354189244e-72,Islr,3.4072974,0.0,Tpm1,2.153523,5.794360450666157e-64,Tsc22d1,1.4290739,6.462289401648897e-147,Ncam1,2.2182896,1.0373158929449521e-89,Col4a1,2.3585052,2.4836567768536537e-17,Tuba1a,0.9418331,2.201625420348467e-172,Tpm4,1.6362933,1.3424351823191953e-298,Thsd7a,5.164534,4.345548064272953e-115,Pdlim1,3.3618417,1.1541105360409035e-54,Tpm4,1.7449676,1.710181279340168e-131,Ctnnb1,1.9367564,0.0,Dctpp1,1.9527014,1.138119881759529e-278,Rab25,3.8605525,0.0,Slc9a3r1,4.1241937,0.0,Ezr,3.1474717,1.7289472738715402e-143,H2-K1,3.2360432,1.4135976943128172e-90,Ubl3,2.6176376,6.737623937965954e-48,Gm1673,2.664739,0.0,Lama4,3.548472,1.236926272010364e-103,Hmgb3,1.822282,1.593363766019318e-230,Zcchc3,2.346216,8.396213097965802e-174,Pcolce,3.8230731,3.0290075786783627e-176,Ptprc,5.9117994,0.0,Cxcl16,6.0163703,1.1460648970346435e-174,Ypel3,1.1502234,2.3481402299580273e-08
Lgals1,0.723917,6.889939373445663e-29,Rbms3,2.3889787,0.0,Tceal9,1.2329684,8.295459444248289e-259,Rgs7bp,5.2731104,8.741530217327229e-72,Igfbp7,2.734818,0.0,mt-Cytb,0.9085939,1.7402866778488307e-63,Cbx1,1.417666,3.437232580261796e-146,Col5a1,2.127371,2.701345853083743e-89,Fermt2,2.3761194,3.6677577074339787e-17,Rps17,0.21939442,6.476808287546067e-172,Tcf4,1.9563955,2.86999028044174e-297,Ppic,2.3811586,5.298536120615818e-115,Serpinf1,3.9439068,1.6189791496682874e-54,Nectin2,2.2921686,1.7785275589105819e-130,Mcf2l,5.55897,0.0,Lgals4,2.8941896,1.0530262854153805e-274,Elf3,3.9544013,0.0,Folr1,5.3761234,0.0,Sult1d1,4.3833456,7.189956041277224e-141,Cdh1,4.0784693,6.5220333157746374e-90,Cdhr5,3.716454,9.292632048621063e-48,Gpr22,8.876061,0.0,Entpd2,5.689353,1.546219379297117e-103,Pebp1,1.3147627,1.7979709856969663e-229,Serpinh1,1.6958243,1.4872816756693078e-168,Timp2,3.0178514,1.8003994554439228e-175,Clec4a2,6.514158,0.0,Lair1,6.6907463,1.2064049866988807e-174,Tspan33,4.1307673,2.4546651362007468e-08
Rpl12,-0.0011871619,8.550108334190257e-28,Marcks,1.489168,0.0,6330403K07Rik,2.0552542,2.6234356470711134e-258,Zfhx3,3.2156868,7.762853338822521e-71,Lgals1,2.6299605,0.0,Rgs4,7.1419973,6.708242871389887e-62,Tpm2,1.8630276,1.3828615354988002e-145,Idh2,1.4760695,3.432030970925825e-89,Ednrb,3.4464343,4.287864530391501e-17,Cldn5,2.0039933,4.720333163527316e-163,Fscn1,1.9958197,3.416382091344822e-297,Prcp,3.3070166,1.3886055717672147e-114,Slc9a3r2,3.010183,1.2611631572625273e-53,Marcks,1.626927,7.086345142869612e-130,Grrp1,5.2502775,0.0,Ociad2,2.5781884,4.490859671565387e-272,2200002D01Rik,3.6857512,0.0,Ms4a10,6.3099933,0.0,Cox4i1,0.9711139,6.519212367972895e-135,Rnase4,3.321784,6.530814039725882e-90,Btg2,3.064791,2.350785505858722e-47,Ina,7.984314,0.0,Gfra2,5.8633847,5.96090573386919e-103,Tspan3,1.6299046,1.1656307289668887e-227,Wls,2.2590914,4.9424021356845265e-167,Ptgis,4.5429163,1.8685289635709877e-175,Serinc3,2.5458786,0.0,Laptm5,4.991992,4.324968994578224e-173,Cited4,6.387951,8.677327540474237e-08
Rpl15,0.006577583,5.950793900365281e-27,Fstl1,1.8347552,0.0,Myh10,1.7885495,2.3618691234232132e-256,Nr2f2,3.0704565,8.674339590846403e-71,Ogn,4.118656,0.0,Mprip,2.4997864,7.398900571152582e-62,Ccnd2,1.7314389,1.4094456420366875e-145,Meis1,2.0697298,9.880224811437206e-89,Emilin1,2.7851424,5.267517240890415e-17,Pkm,0.55338275,8.313440455087115e-151,Fabp4,2.833858,2.4066445565488888e-294,Ctsh,3.823806,2.625874134120859e-114,Utrn,3.190082,2.1400871306150083e-52,S100a10,1.8972784,8.90932953426826e-130,Thbd,5.0292077,0.0,Cldn4,4.5999866,5.399074350791202e-272,Cdx2,3.8446429,0.0,Lct,8.03124,0.0,2200002D01Rik,3.9098492,6.193831607261549e-134,Pglyrp1,5.019917,7.108879959047485e-90,Pcsk1n,4.5707784,1.9650369415521482e-46,Rgmb,3.8039207,0.0,Deptor,6.431848,7.85862391561304e-102,Cdh6,4.4421716,1.9826237520350623e-224,Fras1,3.3394992,1.882095529453859e-165,Gas1,3.1187885,5.707198725869692e-175,Actr3,1.8906628,0.0,Fcgr1,5.551439,6.841059892433441e-173,Tal1,3.4510183,1.8190271806339575e-07
Rpl14,-0.035888825,2.7571716048962213e-25,Rcn1,2.0000653,0.0,Chd3,1.7016637,2.5626031285830847e-250,Sdc2,3.9974854,1.1349546103946904e-70,Lmna,2.9107268,0.0,Lama4,2.8993397,1.8861854862321314e-61,Malat1,1.7836348,1.2215607228808698e-141,Mmp2,2.546669,5.16310596064071e-88,Foxq1,6.1960044,6.358982240337983e-17,Vamp5,1.9047133,1.6610863115978471e-149,Fli1,2.4852197,4.159122406205551e-294,Cd59a,4.2281013,1.0298732367401249e-113,Mast4,3.38657,5.178250956455147e-52,Gngt2,2.4230075,2.2798447077418267e-128,Col13a1,5.1063223,0.0,Shh,5.9491215,1.8112002540302772e-271,Rbbp7,2.322937,0.0,Npl,5.363536,0.0,Cox6c,1.180343,2.6450876302487985e-129,Lgals2,4.6411037,2.5270902259827232e-89,Ffar2,7.646678,3.7738556293387885e-46,Soga3,6.3686347,0.0,Lamc1,3.288979,2.348529903564352e-101,Nnat,2.0619533,5.060175375752163e-221,Fis1,1.4223762,4.266210378039572e-165,Anxa2,2.509627,3.672256700213215e-173,Fcgr1,6.154758,0.0,Rgs1,8.187966,1.0007920606777253e-171,Ncoa4,1.3530463,3.0046602190031366e-07
Rps14,0.0535832,3.1993598544881535e-25,Col12a1,3.0009382,0.0,Etv1,3.7846782,4.390555421744965e-248,Fxyd1,3.8459687,2.106128780727334e-70,Tshz2,2.4492347,0.0,F2r,3.515637,6.583329076693754e-61,Lpar1,2.6302478,3.383097375754427e-137,Rab34,2.2449348,9.714361208894678e-87,Spon2,5.6360736,1.2927570442100456e-16,Cavin3,1.1873183,1.8100591873462147e-149,Tagln2,1.8441247,7.176300966538027e-294,Adam15,3.4424293,2.4774978452273384e-113,App,2.264237,5.803232980161602e-52,Lama4,2.3719532,2.495462489693146e-126,Ehd4,3.8975215,0.0,Rpl18a,0.7092752,4.787351200390016e-267,Pgk1,2.329332,0.0,Plin3,3.8643463,0.0,Gabarap,1.3947775,2.750476351102278e-129,Sytl2,5.68153,5.616891624914869e-89,Cadps,4.813553,6.428750545891739e-46,Pcbp4,2.8618658,0.0,Scn7a,7.5898824,1.579289418118974e-100,Spon1,4.047895,1.995990597734707e-218,Tmem98,2.8709667,1.8543322810691688e-160,Cxadr,3.9924605,1.0111974589197737e-172,Prdx5,2.1092734,0.0,Cd68,5.099622,1.1609933644783157e-167,Xk,4.73096,4.356481077250254e-07
Rps27a,0.060668938,5.624066252326891e-25,Csrp2,1.7338903,0.0,Ppp1r12b,3.1813726,1.6626574726762735e-245,Pdgfrb,4.225778,2.8768655645068335e-70,Rarres2,3.3419437,0.0,Gcgr,10.35552,6.940690663105232e-61,H3f3a,0.6897817,1.1597333602735733e-136,Ptch1,2.9168875,3.799879312025578e-86,Pmepa1,2.6010313,1.9653532582879232e-16,Rasip1,1.8238525,1.0379636188589261e-148,Adgrf5,2.318697,1.511641567002749e-290,Anxa3,2.843735,6.759783985328538e-113,Sat1,2.6093667,7.065605432505989e-52,Kdr,2.303694,2.907756828725341e-125,Mmrn2,4.454249,0.0,Hmga2,2.1330602,2.8696099436860405e-265,Fgfbp1,5.547353,0.0,Oat,4.303419,0.0,Chchd10,3.100182,6.194128767190295e-129,Sec11c,3.7129567,3.500450043918914e-88,Cd24a,2.7233484,7.402160906616746e-46,Dctn3,2.116604,0.0,Pmepa1,3.2495637,2.75227670581492e-100,Set,1.2199847,1.0037469328568378e-214,Rspo3,3.037469,5.370720305929964e-159,Lgals1,3.414022,1.2359563786777951e-172,Ms4a6d,5.929168,0.0,Apol7c,9.13372,7.272135472505126e-164,Ackr3,2.0772126,8.401883292473589e-07
Rps16,0.033433378,1.9901117858087374e-24,Bgn,2.2065816,0.0,Tagln,3.193496,2.2039120382087e-239,Serpine2,3.643308,3.475297597700225e-70,Col5a3,6.080269,0.0,Rgs7bp,4.7217946,1.9407076404236874e-60,Eid1,1.2912937,4.348998029174144e-135,Tpt1,0.48511973,1.9931340112076338e-85,Fhl2,3.8323138,3.2501861091050524e-16,Ecscr,1.5752398,3.749805437310029e-141,Pcdh17,2.509924,6.771536685073561e-283,Edn1,5.207808,3.355250452477765e-112,Smad7,3.1112337,1.3672584875886612e-51,Cyb5a,1.6392782,2.7446102539108345e-124,Rasip1,3.6693735,0.0,Rpl23a,0.86781704,1.6305354858528648e-264,Muc13,3.8580775,0.0,Hadh,3.604803,0.0,Plac8,2.9115753,8.166173991210358e-129,Cmpk1,2.6360252,7.542060180819099e-87,Scg2,8.867361,1.3473431628233731e-45,Ascl1,5.0809016,0.0,Lmna,3.379517,2.0001468132886215e-98,Glrx3,1.477916,2.0050341078624466e-214,Mab21l2,2.259579,1.3881527835494417e-157,Cd2ap,2.8163207,1.3236664994327484e-171,Ucp2,2.7790105,0.0,Fyb,5.0198975,1.1341292523492969e-163,Mgst3,1.0191863,1.2819670460462453e-06
Rps15,-0.17328408,1.073650937279334e-22,Col6a3,2.3708029,0.0,Myh11,4.6951594,2.778586519023205e-235,Atp2a2,2.7961404,2.3199890350796856e-69,Loxl1,3.9264264,0.0,Fermt2,2.428411,2.2686451244617291e-60,Rab34,1.992632,7.678723828985695e-134,Angptl1,4.811489,4.547550051746881e-85,Stox2,3.83911,5.2956119989043e-16,Myl6,0.18917826,1.0370047743303262e-140,Arpc3,1.4445688,2.1117814265901206e-281,Nr2f2,2.8206265,2.9632061202129035e-110,Myl12a,1.7275966,1.2463736667404857e-50,Tm4sf1,3.1647146,2.824958783898468e-124,Itga1,4.4482675,0.0,Rpl4,0.8287652,7.263436331819756e-264,Atp5g1,1.8386947,0.0,Cps1,4.9965897,0.0,Fcgrt,3.343472,4.662618268729371e-127,Bcas1,7.840046,7.8811702538630175e-87,Serpina1e,5.612589,1.5695250734629825e-44,Rundc3a,6.419714,0.0,Sema3c,4.6604,1.618113750778708e-97,Hoxa5,2.6337345,1.7073344485586357e-211,Sparc,1.9947768,7.225527542814487e-153,Ccdc80,3.7973387,1.641828632528603e-169,Maf,3.2472532,0.0,H2-DMb1,7.7801485,1.8950081255644383e-160,Prr13,1.1218591,1.6531874525933645e-06
Naca,-0.19867264,2.933298636829404e-22,Mgp,2.9829483,0.0,Malat1,1.716035,2.7863461847006726e-235,Cnn2,2.8374965,6.560023140318142e-69,Ndn,2.630051,0.0,Rcsd1,3.918605,2.01390086491954e-59,Col1a2,1.6552181,8.143438854352057e-132,H2afv,1.483766,2.7895378916931916e-82,mt-Nd4,0.7906011,5.380956470592101e-16,Pecam1,1.4299685,3.489044969706216e-138,Ehd2,2.3186052,1.8163900566031158e-280,Adgrg6,5.4742846,7.886225027800042e-110,Ifitm3,2.405439,1.9419568910838872e-50,Pecam1,2.3229656,5.540329379500356e-124,Lamb1,3.1627693,0.0,Pkm,1.322021,1.657218879054272e-263,Atp5b,1.6214569,0.0,P4hb,2.9387038,0.0,Atp5c1,1.4142076,3.0466085207033103e-125,Creb3l1,4.3151064,1.192560502661295e-85,Cacna2d1,3.4684405,8.435677432528134e-43,Ank2,3.9647484,0.0,Atp1a2,5.1646056,4.89169859602092e-97,Arvcf,3.7755394,5.261987373023401e-209,Ccnd3,1.5150017,2.818401816212579e-152,Tmem151a,5.642429,2.761212526921785e-169,Grn,2.673567,0.0,Ccr1,5.8488708,2.6789490356714304e-159,AY036118,0.96908104,1.7554979795687307e-06
Rps23,0.009102502,8.068460567571732e-22,Emilin1,2.082922,0.0,Rgs10,2.3057067,1.9576176558960404e-234,Olfml2b,4.311305,5.120317796960488e-68,Bicc1,3.6174695,0.0,Nkx2-3,2.6347282,6.557649682374212e-59,Pnisr,1.3960607,1.4179867957018268e-130,Sox4,1.6884575,2.648219320086464e-80,Stc2,7.504555,8.401341584243283e-16,Mif,0.5021922,3.3909748716538366e-136,Map4k4,1.8085828,3.277059105104665e-280,Rasip1,3.0504706,2.899638520677269e-109,Tm6sf1,3.5670874,3.212773241615443e-50,Selenop,2.2413852,2.2874980130237573e-123,Slc9a3r2,3.552721,0.0,Phgdh,2.1545312,7.496566914246868e-262,Plcb3,3.2581155,0.0,Fuca2,4.7665606,0.0,Aprt,1.6479594,1.6446442019454988e-122,Rab25,3.752541,1.8526592264473743e-83,Ptprn2,8.822046,1.0672424702683392e-42,Pfn2,2.6411123,9.144189673917997e-307,Hspg2,3.2438872,5.397812981096513e-97,Tbx2,2.9171557,2.293205399726492e-206,Rspo1,4.3916807,5.8121453527667755e-151,Megf6,4.3819017,1.9819697130256968e-168,Ptpn6,5.3549833,0.0,Psmb8,4.5990925,3.874319094658232e-158,Spta1,6.1472383,2.10697521658757e-06
Rpl26,-0.063017905,7.038308909705626e-21,Tceal9,1.3623599,0.0,Aldh1a1,4.136292,3.5904399265438997e-234,Heyl,5.3605514,6.4178827029244235e-68,Thbs2,4.705452,0.0,Lims1,2.6074018,2.9991891965511517e-58,Runx1t1,2.2859385,4.875464490197586e-130,Sparc,1.9859282,1.01558600172289e-77,Tbx3,3.8871355,9.429571170076074e-16,Hmgb2,0.87362224,6.424636056414922e-134,Klhl4,3.165455,2.6333983205988047e-279,Cd93,3.1162324,1.1875674763212184e-108,Hey1,3.9764822,3.776307771817185e-50,Tmsb4x,1.0757,5.482058391322975e-123,Emp1,3.4853153,0.0,Hsp90ab1,0.8912023,1.1724569896603634e-261,Krt18,3.207182,0.0,Insig1,4.3357334,0.0,Atp5j2,1.2947791,7.571580183904268e-122,Slc12a8,8.417429,1.9983788242751374e-83,Gnao1,4.135649,1.5453296117628182e-42,Rufy3,3.8663418,3.8727286180483706e-305,Afap1l2,4.9292727,2.2948576532924033e-96,Mef2c,1.9122069,1.577463822487989e-202,Ptn,2.1340911,1.2590962720466179e-149,Tapbp,3.7116807,2.1075251538321658e-168,Fermt3,5.8528905,0.0,Irf8,4.512362,4.180260784259655e-154,Rnf10,1.0371081,3.499430665158121e-06
Sumo2,-0.11811484,1.0819862670080409e-20,Tcf21,2.4931536,0.0,Fermt2,1.7458774,4.474235302368108e-234,Cav1,3.3076622,8.006757117239205e-68,Cd248,3.7146766,0.0,Sept7,1.756341,5.14134147807309e-58,Xist,2.096959,4.813825463021853e-128,Emilin1,1.9074082,1.858224537050961e-77,Fhl1,4.1031785,1.8879094531740067e-15,Rpl28,0.20353422,7.419006040325766e-131,Myct1,2.471868,6.846235224828116e-279,4931406P16Rik,2.7709084,4.22000951552832e-108,Cav2,3.6965919,7.326825068240015e-50,Cd9,2.3923163,8.841723105982428e-123,Lrrc8c,4.075605,0.0,Rps18,0.93959457,4.906933153522101e-260,Scd2,2.6103234,0.0,Tmem37,4.656951,0.0,Bpnt1,3.428741,7.518589916919996e-121,Klf5,3.6967776,5.139191564168548e-83,Cnot6l,2.6683762,1.8762791662059004e-42,Gsk3b,1.980807,1.7498038121010486e-304,Prss23,3.5757833,1.6588818027153446e-95,Dpysl3,1.9969445,2.565828851610023e-202,Gsta4,2.4826221,1.6660227325165454e-148,Serping1,3.7540588,4.745768936161129e-168,Arpc2,1.3706036,0.0,Cd300c2,5.69157,1.3566377130854086e-152,Slc25a39,1.2683632,4.189548141836681e-06
Rpl18a,0.038522497,2.3716262777493365e-20,Sulf1,2.9855874,0.0,Slc25a4,1.1239915,1.4658789904662537e-227,Col4a2,3.1797493,1.2063894770860562e-67,Col16a1,3.7673924,0.0,Atp1b2,5.4349747,8.522409433198827e-57,Ptprd,2.3627605,5.942074631903728e-128,Meg3,2.3548844,2.7015043671489955e-77,Slitrk6,4.273529,2.866532610907498e-15,Rps20,0.26857728,3.583313628838592e-128,Calm1,1.2067082,1.1744797004268416e-278,Heg1,3.1682084,6.645360768345045e-108,Sparc,2.3915544,9.94095399206366e-50,Fkbp1a,1.5100089,3.487378401789275e-121,Dlc1,3.471077,0.0,Rpl17,0.72530603,8.623219938955172e-260,Rbm47,3.6509829,0.0,Chchd10,4.2178483,0.0,Cox7b,1.5995072,2.187207078882754e-120,Pdxdc1,3.2819653,9.889659038013217e-83,Tmem59,1.727922,8.127237788787897e-42,Ctxn1,3.09001,3.980931223783099e-298,Reln,6.4682403,1.0511795661376881e-93,Prdx2,1.1481732,1.7417433925477895e-201,Runx1t1,2.4077222,6.1266940058080986e-148,Sema3c,4.337995,1.436562500092663e-167,Adgre1,6.4246035,0.0,Gdi2,2.0878575,3.938110600890422e-152,Acp5,2.074338,4.33819089427519e-06
Rpl7,-0.096683756,1.1337585119217043e-19,Atxn7l3b,1.4129747,0.0,Kcnq1ot1,1.5209178,5.643287417741126e-227,Procr,4.7664037,3.194228783366854e-67,Fmo1,5.5869303,0.0,S100a11,1.9872533,2.937558182087528e-56,Dlk1,1.7110354,2.987005049548121e-125,Cbx1,1.4944276,4.189415418320143e-77,Id2,2.2545326,5.625552490835135e-15,Marcksl1,0.6771235,3.2384335700497184e-127,Msn,1.9218065,2.0516368278025863e-277,Meox2,5.638447,4.826292126473956e-107,Id1,2.6391459,1.7121249485984116e-49,Rasip1,2.3294587,8.523277491181655e-119,Clec14a,4.3874655,0.0,Rps9,0.7094387,6.00505822874002e-258,Ezr,2.9339046,0.0,Ndrg1,4.5249557,0.0,Usmg5,2.1127958,4.582773778410391e-120,Ssr4,2.05404,1.1462902876911979e-81,Tmc4,3.567759,8.203862701739046e-42,Sgip1,4.75215,2.0378121117773505e-294,Vgll3,6.456895,3.5866649242317206e-93,Serpini1,4.3486423,1.579722107718807e-197,Palld,2.028147,3.9939812433326676e-147,Lox,4.058069,1.8226838090257445e-166,Ctsz,2.0401685,0.0,Ctsz,2.6662838,3.752727029100659e-151,Hbq1b,9.939722,5.505451122986266e-06
Rps15a,-0.0046860566,3.643245161560471e-19,Ptprd,2.7077675,0.0,Ccnd3,1.3264637,1.618666337142362e-224,Wtip,3.5828807,5.53618801560859e-66,Gas1,2.8130367,0.0,Gucy1b1,3.6336598,1.073821146801477e-55,Hnrnpr,1.3018411,2.1659407250461567e-122,Islr,2.2689257,7.885017064235199e-77,Tcf4,2.18783,5.646691395588439e-15,Npm1,0.36668018,1.579445366618293e-124,Rbp1,1.9500875,1.9976479265024547e-276,Piezo1,3.3788629,5.724783849737142e-107,Eogt,4.2915525,4.824130291917884e-49,Igf1,2.284881,2.2506951771585023e-117,Ecscr,3.4186919,0.0,Rplp0,0.74612314,1.2935733139350428e-257,Gmds,3.157388,0.0,Vmp1,3.6005898,0.0,Fbp1,6.848278,7.859876137645066e-120,Elf3,3.808178,2.5987875420467565e-81,Akr1c12,3.2409604,2.191261602741168e-41,Kif1b,2.6163707,9.114482441229887e-293,Cdh2,3.9999526,7.604614391370175e-93,Tcf4,1.692746,1.132003447742189e-196,Pigyl,1.9972636,1.90431396434982e-146,Pdpn,4.445834,5.3508020508593055e-166,Alox5ap,6.4710736,0.0,Lyn,3.9230855,1.8834864785585184e-149,Dyrk3,4.704852,1.2320777902157739e-05
Rps3,0.00087095005,8.964802664739435e-19,Des,2.6825163,0.0,Flna,1.6233429,1.2965602651541835e-223,Ntrk3,5.61581,5.685148874511358e-66,Igfbp5,3.363244,0.0,Itgb1,1.8196253,1.479000517259646e-55,Foxp2,2.6823666,7.500805296738607e-122,Phlda1,2.8729808,9.962467297855376e-76,Lpp,2.1074057,1.0038837399761714e-14,Ncl,0.44496578,1.7733788423143096e-124,Rasgrp3,2.7475142,2.2582629552975213e-273,Rassf9,4.580729,2.0964194978801123e-106,Dkk2,4.0362744,8.847724281258913e-48,Rnf141,3.4888358,2.888933484041737e-117,Tmem88,3.686845,0.0,Fxyd3,3.6171048,3.0436404457034286e-255,Stard10,3.164659,0.0,Gm21885,5.6889954,0.0,Ndufa6,1.8704572,5.0775612523652635e-117,Tsta3,3.2966278,2.8365821514426495e-81,Syt13,6.837962,3.711056042039862e-41,Eif1b,1.8614568,1.5980416452728833e-290,Nid2,3.337733,1.658045674754497e-91,Sox8,6.1309147,2.55296197904188e-194,Dpp4,2.8702748,2.7880594592961423e-146,App,2.3702846,1.9878193577297618e-164,Limd2,2.5569167,0.0,Ptgs1,4.6034093,3.757611519339415e-149,Cldn13,10.891279,1.3795971192289763e-05
Mif,0.10851929,1.0598324496165615e-18,Cald1,1.7797017,0.0,Zfhx3,1.7939602,1.1790913847821694e-221,Pdlim7,2.886535,6.900522098151095e-66,Igf1,3.2844949,0.0,Raph1,3.0896978,1.872968136743001e-55,Bex3,1.2490531,1.2426878155724991e-121,Emp3,1.7544113,5.090015322935721e-75,Tmem178,6.660782,1.6701504807551666e-14,Rps7,0.24781032,3.85407154552725e-124,Lxn,2.1885388,8.73202821165783e-273,Esam,3.0284622,3.7989552046380567e-106,Msn,2.4598212,1.5122224655912805e-47,Ece1,2.4825294,3.0705092737420986e-117,Gng11,2.8694367,0.0,Rps11,0.55259293,3.8345414223103513e-255,Ldha,2.1182294,0.0,Slc5a1,6.0331607,0.0,H19,1.9405828,5.598428687953234e-117,C1galt1c1,3.8385165,3.724652816770101e-80,Ndrg1,2.350388,3.8767446220164135e-41,Hmgb3,2.0230646,9.181948831172027e-286,Tmod2,4.9193573,1.7193440792274724e-91,Dek,1.647424,2.0612744003773356e-190,Ubb,0.74156773,1.99810657061029e-145,Bcam,4.0047956,4.1120234716745383e-160,Ncf2,4.9437723,0.0,Serinc3,3.0443592,1.798500262023157e-148,Sptb,5.5324407,1.8583127332769527e-05
Hmgn1,0.029639835,5.3114900614044006e-18,Ccnd3,1.4685009,0.0,Carmn,3.9646409,1.895580007172428e-221,Stbd1,4.8169904,9.71068888734169e-66,Htra3,4.4774885,0.0,Col3a1,2.7738748,2.0659348670641618e-55,Maged1,1.3212717,1.0377315865654876e-120,Fbn2,1.9459447,2.232747035124493e-74,Mylk,2.98195,1.9148896255746114e-14,Rpl15,0.27479777,1.2529524961694408e-120,Ppp1r2,1.7436013,3.3448133818731864e-263,Ephb4,3.3725016,5.919082318024464e-106,H2-D1,2.6999807,7.720886173150908e-47,Jup,2.3313382,1.0684997680150626e-116,Itga6,3.4082654,0.0,Klf5,2.7833643,7.757583077376498e-254,Serpinb1a,3.2665086,0.0,Aadac,5.8191385,0.0,Snx3,1.7716833,1.1265048543301718e-114,Rab27b,5.9444056,4.159127489475616e-80,Celf3,4.183343,9.029298297422794e-41,Gng3,6.448766,2.1287937868530048e-285,Fbxo7,4.9130535,2.4866440954058515e-91,Hnrnpa1,1.1259959,7.51267708906398e-189,Cdkn1c,1.8012387,2.673409356022945e-145,Tnfrsf11b,5.7026477,2.2160810039449843e-155,Trem2,6.808985,0.0,Gbp7,4.72215,1.0568947725437697e-147,Slc48a1,2.0253203,2.192863703680987e-05
Ran,0.053713396,8.53774510571093e-18,Pmp22,2.1101372,0.0,Myl6,0.9700651,8.957768546694434e-215,2310022B05Rik,3.746742,1.2177329575085406e-65,Kcnq1ot1,2.262685,0.0,Adamts2,4.248868,5.796843236809898e-54,Sub1,0.9454193,1.9404771195009264e-120,Tceal9,1.2784464,1.9011199956868787e-73,Runx1,4.6705604,1.94586805203221e-14,Tmem255a,2.6770103,3.798173545373888e-120,Cfl1,1.0268935,8.727778949987423e-263,Fli1,3.16856,1.1690329672985644e-105,Prex2,3.3225951,8.404937632791437e-47,Rhoj,2.377033,1.3689722992161203e-114,Vamp5,3.5829048,0.0,Gipc2,2.500567,4.776692295418646e-246,Lad1,3.9239347,0.0,Tmem51,4.693283,0.0,Plin2,3.046937,1.7529885000914825e-113,Dstn,2.1571743,4.541399114967351e-80,Fev,9.547554,1.6600174964531522e-40,Scg3,6.395569,2.534591737241867e-285,Matn4,6.787986,6.262395043030922e-91,Eif1b,1.45763,9.0963338020612e-189,Ndn,1.8749216,2.715836306058077e-144,Tspo,2.7535179,3.9321561441268165e-155,Lamp1,1.798826,0.0,Actr3,2.363103,3.4402822372333444e-147,Abcb10,2.5328271,2.3298496878682177e-05
Rps17,-0.24353819,1.08616309977372e-17,Osr1,2.6215534,0.0,Des,2.6031752,2.817043700978454e-212,Csrp1,3.2062166,4.6820049821504584e-65,Timp2,2.7081797,0.0,Pten,2.4945173,2.3314801588936907e-53,Mettl9,1.2802844,2.119237063427268e-120,Pafah1b3,1.4931148,2.209297464304003e-73,mt-Nd3,1.2148566,2.9661366450120357e-14,Egfl7,1.2489592,2.2558474262594638e-119,Mmrn2,2.4710333,1.4729605618135034e-262,Gng11,2.7051787,2.2735123074458514e-105,Thsd7a,4.923021,9.829460142908415e-47,Sh3glb1,1.6512455,5.314327207681638e-114,Ace,5.086473,0.0,Rps27a,0.5751902,2.7730486047800317e-244,Pcsk9,4.12557,0.0,Ociad2,4.426096,0.0,Cdkn1c,1.8907247,4.6282449067523194e-113,Spink1,3.7798753,5.032988218035215e-80,Tspan1,5.249508,3.76223390843959e-40,Ddx5,1.3343797,5.6642813841860276e-285,Cmtm5,7.078867,1.199367467239357e-90,Rcc2,1.8019696,2.0269961515415765e-188,Tmem132a,2.5885484,3.4183658524710295e-142,Ahnak2,5.0108647,5.8521202815456155e-155,H2-D1,2.6207645,0.0,Asah1,2.9989884,2.0374312701806103e-146,Pnpo,2.1790469,2.4945883027517544e-05
Tagln,1.4443786,1.1301930078763064e-17,Rps15a,0.6742173,0.0,Ifitm3,1.5057012,1.3694388491727053e-210,Tbx2,4.138697,1.2897597159625768e-64,Cygb,4.943758,0.0,Aoc3,5.158133,3.354742493411446e-53,Rps14,0.6531855,3.8020708131027024e-120,Rps19,0.68096536,2.9216235492688526e-72,mt-Nd1,0.8123632,3.989012778931166e-14,Rps3,0.26017883,1.7343420404651854e-117,Ipo11,2.4274461,7.553199969300347e-261,Tm4sf1,3.0597863,2.5936837429487537e-105,Eng,2.6224756,1.6758997095983455e-46,S100a11,1.8430218,2.087131711049949e-113,Fxyd5,3.7038352,0.0,Rpl5,0.70508343,7.787359816106798e-242,Cdh1,3.934078,0.0,Atp1a1,3.2778282,0.0,Bri3,1.7714651,1.7334583578943966e-111,Oit1,9.335877,6.037794063313996e-80,Gucy2c,3.8706167,4.7283808674719904e-40,Kif21a,3.4545124,5.973677957841048e-283,Pdgfa,3.8063169,2.309106192092193e-90,Tlx2,3.7416294,4.2568837786086284e-188,Rab34,2.0661893,8.34033148684454e-141,Muc16,6.1723127,2.30858812067485e-152,Ly6e,2.7192671,0.0,Ftl1,1.6065208,2.1272670148242685e-146,Bcl2l1,1.9695597,2.5308367429609923e-05
Dlk1,0.72919035,3.0040454290235587e-16,Eid1,1.3874465,0.0,Rab34,2.0065215,1.6160363184156338e-210,Rasl11a,4.650583,3.396271166379131e-64,Aspn,5.1758466,0.0,Tpm4,1.7846959,7.408427031615524e-53,Ttc3,1.3035086,3.838255595897499e-119,Sept11,1.5805393,3.058826389541503e-72,Hmcn1,4.3211184,4.550405924593899e-14,Ppp1r14b,0.5580406,1.66372844237574e-111,Ctnnbip1,1.7972939,4.1147537776575084e-258,Srgn,3.540971,6.265892818330671e-105,Ctsh,3.7448177,3.4811658273829493e-46,Gap43,2.852875,5.1975177047576086e-113,Cyyr1,4.997963,0.0,Rpl6,0.64007276,3.489411413184583e-241,Bpnt1,3.3699234,0.0,Prkg2,5.2248273,0.0,Tmsb10,1.0422065,2.6383346162729245e-110,Pdia5,4.230982,1.5166441672480338e-79,Cdh17,3.4343324,1.0458773313361628e-39,Fabp5,2.0665538,2.7976201437519418e-282,1500015O10Rik,7.2924056,7.66041496690662e-89,Ss18l2,2.1887827,3.787196767740433e-186,Arhgap29,1.9508537,3.467166549609353e-140,Ltbp3,3.7505345,1.7765776691138953e-151,Ctsd,2.345003,0.0,Psme1,2.5380845,8.88136699344081e-146,Csmd2,6.0658584,3.166763052081259e-05
Rpl6,-0.1622861,4.0236142842556526e-16,Gsn,1.7861215,0.0,Eid1,1.2044823,1.6425197605789232e-210,Ppp1cb,2.5917697,6.040322922206601e-64,Fndc1,5.571187,0.0,Myl12a,1.6001658,8.009137769998301e-53,Mpped2,2.4803786,7.800545292460279e-119,Loxl2,2.4008064,4.829131937520672e-71,Iigp1,5.6527624,5.762380910933367e-14,Rpsa,0.35282448,2.695526528225893e-111,Clec14a,2.6893563,7.55032546097914e-256,Cav2,3.4404206,7.559975256227324e-105,She,3.6028185,5.261720182006954e-46,Ppp1r2,1.8520838,7.137463517071005e-113,Plcb1,4.8189015,0.0,Tmem238,2.7000191,8.928670678624863e-240,Hmgcs2,3.6156535,0.0,Slc17a5,5.205401,0.0,Txn1,1.159229,1.2628249511725753e-109,Klk1,10.900216,2.3222577789356253e-79,Tox3,3.7258072,1.2441000088897632e-39,Rbp1,2.1414852,2.0188461094902945e-280,Megf9,5.456729,1.8021406580567315e-88,Hsp90aa1,1.2910043,5.14674793683656e-186,Ptprd,2.385914,8.553409334819188e-139,Sdc4,3.157221,1.8843807051192366e-151,Fcrls,7.7535157,0.0,Slfn2,4.8588305,1.76191371304457e-145,Taldo1,0.50830543,5.6327684324232946e-05
Rps25,-0.26331654,4.565965618986348e-16,Sparcl1,1.8397151,0.0,Btg1,1.4363784,1.238568127997893e-209,Lhfp,4.1162944,7.728077799731565e-64,Marcks,1.6823772,0.0,Rasl11a,4.4231267,8.597584902267348e-52,Itm2a,1.540939,5.7215813444176875e-118,Chd3,1.6944218,6.808432111127004e-71,Arid5b,2.5684767,6.55218009011616e-14,Rps26,0.17445143,4.433176029167468e-111,Tjp1,2.0083218,2.816784036021079e-252,Mmrn2,3.3495455,9.18716217500322e-105,Tsc22d1,1.8899443,1.3703768142216067e-45,Sgk1,3.1014245,2.219812766820799e-112,Crip2,2.8490767,0.0,Ccdc34,1.9231056,2.130321197556784e-239,Acaa2,2.6031883,0.0,Fcgrt,4.5270014,0.0,Uqcrb,1.2537508,8.283887290593016e-109,Atp2a3,5.1493225,6.364369923060368e-78,Pclo,4.9455037,3.1617586579052663e-39,Cacng4,3.6736174,5.5900024396308715e-278,Fign,5.5325303,4.34403068646302e-87,Col18a1,1.8850979,2.3198367977764515e-185,Col5a2,1.7248509,1.5636426651236244e-138,Mgst1,2.8974235,6.210960996492813e-151,Mrc1,6.6648474,0.0,Epsti1,5.1571,4.9663966040621306e-144,Pkhd1l1,4.530194,6.248788925841055e-05
Rplp2,-0.25225976,6.889493539014669e-16,Igfbp5,2.1714108,0.0,Pnisr,1.344876,5.744543571449377e-208,Lpp,2.9601083,1.03681312486962e-63,Mmp14,2.5518668,0.0,Emid1,4.0815635,1.0407744949720924e-51,Sfrp2,2.8820205,1.2454436292312611e-117,Grb10,1.5116938,1.5325046046367167e-70,Nrep,2.380437,6.714042128142327e-14,Ranbp1,0.5821624,6.788948277182536e-110,Mfng,2.5432525,4.1568115392624455e-252,Adgrf5,3.121494,4.521157015305282e-104,Fbn1,2.7250237,1.4057975690862252e-45,Palm,2.7054155,7.923801283083779e-111,Snrk,3.4451702,0.0,Krt7,2.349261,2.4704621299849257e-236,Serpinb6a,2.5617187,0.0,Uap1l1,4.564571,0.0,2010107E04Rik,1.6536089,9.20287652652663e-109,Slc35a1,3.3333874,1.3133329160486037e-77,Sis,13.852045,3.416069038896924e-39,Ubb,0.9276062,1.6159748833906426e-276,Gatm,4.3642535,1.38058118658361e-86,Enah,2.0528474,1.1933785911096101e-183,Peg3,1.7567576,9.692259591706274e-137,Dag1,3.0572538,3.0526759668531754e-150,Capza2,1.7656865,0.0,Acp5,4.7790775,2.3322940501559394e-141,Ncf4,2.7468507,7.495889991196206e-05
Ptn,0.6540385,8.98639206025428e-15,Mmp14,1.8957803,0.0,Ppp1r12a,1.578516,9.34366240439775e-203,Uba2,3.119512,3.29649738620429e-63,Rrbp1,1.7745552,0.0,Stom,3.6124442,4.701786978419106e-51,Hoxa9,4.4169354,2.1738205983916456e-117,Col6a3,1.9305382,2.7776361501052172e-70,Tsc22d1,1.8803571,9.755077824628023e-14,Dnaja1,0.4346186,4.119951210255504e-108,Tspan18,2.5875978,1.1577580198767058e-251,Nos3,4.1922092,4.866957753728318e-104,AU021092,4.3929844,2.7954518488583724e-45,Bst2,2.2111278,1.4680706220197787e-110,Ushbp1,4.732378,0.0,Rplp2,0.84057415,7.555537359450896e-234,Misp,4.099373,0.0,2200002D01Rik,4.4095163,0.0,Gsto1,2.7247796,1.1514015860872962e-107,P2rx4,3.9241626,1.7677632766278285e-77,Ssr4,1.6569955,4.8143386601015614e-39,Tmeff2,5.954087,3.795480323908753e-276,Cd9,2.832115,1.9139775445620017e-86,Msi2,2.070151,8.763473393106917e-183,Meg3,2.3449283,5.893334143412753e-136,Tm4sf1,3.2542121,1.3482471291747e-149,Cebpb,2.811381,0.0,Fam49b,2.9740186,8.131985766662344e-141,Adrb2,3.889294,9.336914194428423e-05
Tpm1,0.65109247,1.7562017262498843e-14,Fbn1,2.0564039,0.0,Ifitm2,1.0757989,1.5127371458215643e-201,Cav2,3.7450776,3.4508781893178684e-63,Pmp22,2.7236068,0.0,Aldh1a3,6.3100967,8.607248505457246e-51,Tia1,1.4276546,1.5013581874459509e-115,Clmp,2.4828322,1.4866422544706317e-69,mt-Co3,0.6620742,2.1645189057504886e-13,Nme1,0.5930106,1.0026756778679867e-107,Kitl,2.5439947,3.3866321003853323e-249,Dst,2.9561458,5.191600016947888e-104,Fgd5,3.0812519,1.1953196645615628e-44,Nfat5,2.4461966,2.149508750759164e-110,Lamc1,3.160102,0.0,Acer2,2.954095,1.3984387061372648e-233,Tkt,2.1221976,0.0,Selenop,3.9419627,0.0,Uap1l1,3.979617,1.1605588922114506e-107,Pmm2,3.279436,1.2344507375799062e-76,Cd164,2.1518264,7.558007708550201e-39,Pcbp3,4.1324806,4.180374589248076e-274,Celf2,3.0852656,4.4701522911825134e-86,Cdk4,1.2185935,3.2893698890542644e-181,Tpi1,1.4226964,1.1419157297420631e-135,Serpinh1,2.1444466,3.659021992671962e-146,Snx2,2.5374646,0.0,Selenop,3.1668139,1.0460087269976525e-140,Urod,1.5924199,9.900814771240269e-05
Rps13,-0.10609317,4.5595833336301976e-14,Fxyd6,2.1594992,0.0,Rbfox2,1.6322494,1.991023539451375e-201,Atp1b2,5.598393,1.2595300114578057e-62,Cdh11,2.8432362,0.0,Txnip,2.2416022,1.3826869630730566e-50,Zfp503,1.7919921,1.0683235588608198e-114,Hmgn2,1.455207,4.176759713951186e-69,mt-Co1,0.67387795,3.088239598433936e-13,Fscn1,1.297942,1.7391733557456616e-104,Prex2,2.5332918,9.094047659978619e-247,Crip1,2.5823126,3.587215308687456e-103,H19,2.293747,1.5906420820281994e-44,Ipo11,2.5370867,1.3269311044481893e-109,Sgk1,4.1211014,0.0,Rpl22,0.7170914,8.172199178606662e-228,Atp1a1,2.44298,0.0,Bdh1,4.5662284,0.0,Qdpr,2.8107467,1.1650176796593379e-104,Atoh1,10.119093,7.36560341503706e-74,Tm4sf5,3.1730945,1.0597951588795398e-38,Calm2,1.44496,1.3683902077415173e-273,Gas2l3,5.0323157,9.630151261808916e-86,Slc25a4,1.1961862,3.6721562401561794e-180,Hsp90ab1,0.88158566,1.6918996747512361e-134,Creb3l1,3.829612,9.513152190977105e-146,Fam49b,2.418019,0.0,Fam105a,4.966823,3.7214659774782727e-140,Trib3,4.3567686,0.00010600705238942689
Gm26870,2.396554,2.2061319192463418e-13,Selenom,1.6625376,0.0,Auts2,1.6480782,2.075051184036588e-200,Hey2,5.37885,4.338266793612718e-62,Lrp1,2.7494018,0.0,Olfml2b,3.5880651,7.922711627413775e-50,Ddah2,1.3427603,1.3986253301162128e-114,Runx1t1,2.2790744,7.017023150812111e-69,1700025G04Rik,2.6308203,3.329481096845297e-13,Rpl5,0.19969007,1.2397630186043491e-102,Sh3bp5,2.1552522,2.9898466322209298e-241,Ehd2,2.928997,3.743998918608228e-103,Adgrf5,2.971472,1.8402958926788969e-44,Crip2,2.1339853,4.503789674225869e-108,Gpihbp1,4.655486,0.0,Pfkl,1.8897109,3.016163369248532e-227,Mttp,3.6184335,0.0,Adh1,6.0435214,0.0,Bdh1,3.7995515,8.966755542189757e-104,Creb3l4,7.159527,2.098386306878146e-73,Mettl26,2.603519,2.4480872253671653e-38,Slc25a4,1.4452804,5.4579382590182e-270,Olfml2b,4.350857,1.2278975228120486e-85,Tcaf1,1.9779539,7.699342732843634e-179,Gpx8,1.7420057,2.9878749033755174e-134,Ltbp4,2.989904,1.0340541033047608e-145,Tnfaip8l2,6.5232835,0.0,Cd53,4.969319,7.266133596745103e-140,Cdr2,1.8026224,0.00014022773849495468
Myl9,1.0676796,4.392959911204866e-13,Map1lc3a,1.5805702,0.0,Ccnd2,1.5412258,1.669224118399975e-199,Tm4sf1,3.530283,4.203173074431315e-61,Mmp23,4.181527,0.0,Malat1,2.0254908,8.45593050381459e-50,Mmp14,1.5893707,6.4911374920719215e-114,Nucks1,1.513493,8.743859804197833e-69,Eva1a,4.0997143,3.7630241886894937e-13,Myl12a,0.5249009,6.511426355468539e-101,Ets2,2.0502102,1.2352907393224847e-240,Mest,2.5446851,4.494930243680972e-102,Bmx,7.862523,2.3404860353808787e-44,Fam43a,3.062152,7.755851596543948e-108,Tie1,3.8059256,0.0,Rpl11,0.74375176,2.0008781545203105e-226,Gcat,3.1781611,0.0,Lypd8,5.8255854,0.0,Aldh1b1,3.2466817,1.5947287051838322e-102,Bace2,4.886334,3.113267763376695e-73,Abcc8,9.16676,2.9199021379841487e-38,Tns3,2.9006326,7.844921546115952e-270,Col16a1,3.7336466,2.609663480329865e-85,Kif1b,1.9113199,8.061448040840218e-177,Bex3,1.3943292,3.457995349835959e-134,Npnt,4.257213,1.0658682117869713e-144,Npc2,1.6859171,0.0,Lcp1,3.3661323,8.267718524179476e-140,Ypel4,4.0702696,0.0002767699236830755
Sub1,-0.1588105,5.482558841785533e-12,Capn6,3.0629137,0.0,Ncam1,2.0039215,1.0416306879543735e-198,Bgn,3.1224382,2.21079587794541e-60,Nrp1,2.427173,0.0,Lamc1,2.5099812,1.349287089815337e-49,Rbfox2,1.5662189,7.246416668715509e-114,Tspan3,1.3930874,8.837290708270548e-69,Tcf21,2.8078406,4.023684074260552e-13,Cdh5,1.2647442,1.7000691707331387e-94,Prcp,2.263683,1.3793292249684516e-238,Fgd5,3.2329986,6.786738954354447e-102,Rasip1,2.6686516,3.5547041656278336e-44,Ppp3ca,2.1982534,2.4565940098992917e-107,Adgrl4,5.0105214,0.0,Rpl15,0.6784596,3.956356252137324e-226,Cox4i1,1.2334307,0.0,Tmem54,4.8672442,0.0,Cox7a2,1.1890162,1.656418971538137e-102,Nans,2.8472202,2.5502595633297037e-72,Baiap2l2,4.8762264,1.4427959578371284e-37,Ptprs,2.3796618,1.7787334475743566e-269,Tsc22d4,3.1528971,6.736472362608373e-85,Hsp90ab1,0.85978466,7.078865877488421e-174,Col18a1,1.7992136,5.79059575282119e-134,Dpp4,3.619321,2.4015646961341965e-144,Gm2a,3.831464,0.0,Clec4a2,5.0851593,1.251078572203592e-139,Slfn14,11.167404,0.00040293694248285614
Rpl24,-0.182363,6.1859343877268036e-12,Gpx8,1.8289948,0.0,Bex3,1.172218,8.491144304100504e-194,Ndrg2,4.134787,3.377842009588328e-60,Igf2r,2.1832037,0.0,Arhgef17,4.063176,1.845082600975658e-48,Nasp,1.4296873,1.1154843544287374e-112,Fam46a,2.7022398,1.3075047413616555e-68,Cited2,3.1036108,7.363118197105046e-13,Rpl19,0.19461581,1.4616216149459385e-88,Mpzl1,1.817966,1.5781967157888182e-238,Ctla2a,3.1619053,2.059967720953753e-101,Anxa3,2.4893262,6.212337518506163e-44,Afap1l1,2.5924513,1.4350605039662056e-105,Scarb1,3.9103904,0.0,Aes,1.3167685,1.0358479511650122e-224,Bdh1,3.5110416,0.0,Aqp11,5.0842166,0.0,Mt1,3.0206287,3.821150132172023e-101,Pla2g10,10.511494,3.813464979314123e-72,Cdh1,3.3673134,1.679388031317498e-37,Bend5,3.5243716,8.76531655796109e-269,Col1a1,3.9607983,1.7805970082913582e-84,Uchl1,2.0201755,3.2131210476623767e-173,Sema3a,4.330978,2.4295337619474426e-129,Igfbp7,2.6004765,3.3957644880527193e-143,Snx5,2.1445518,0.0,Rps29,1.5525385,1.6695031220425084e-139,Rfesd,2.0738811,0.00048689152847460044
Eef1g,-0.119201325,8.139377903775201e-11,Smoc2,2.4362485,0.0,Cdh11,1.8485175,8.021565304364183e-193,Sparc,2.6672153,4.2358985006065117e-60,Ifitm1,2.6603005,0.0,Serpinb1a,2.839952,2.862973155922006e-48,Cox6b2,2.4641407,4.7366069627840146e-111,Fbxl7,2.324622,2.274201833510583e-68,Actn1,2.2349813,8.906228723747932e-13,Gimap6,1.5466616,2.0766360154821067e-86,Arhgap31,2.1339233,5.4630766711265605e-235,Slfn2,4.341732,3.052790028533778e-101,Rflnb,2.9698071,1.0177223160817998e-43,Nr2f2,2.043319,1.946360175865465e-105,Cav1,3.0931737,0.0,Eif5a,1.1506515,1.32421608573035e-223,Cyc1,2.1514106,0.0,Adipor2,3.7981067,0.0,Tfg,2.4394517,6.273955434183177e-100,Plac8,3.0579383,9.24168812310247e-71,Cdhr2,3.7884233,1.8090617952052262e-37,Rab3a,4.2755547,1.3007861943473581e-268,H3f3b,1.3011223,2.2677308808596034e-83,Nedd9,2.484091,6.935596851013616e-173,Phgdh,1.8042947,9.204412567359973e-129,Il6st,3.4550877,3.7808845848126378e-143,Cybb,5.867582,0.0,Msr1,6.382417,3.4830461668580195e-139,Atp8a1,1.8190119,0.0005881418700063501
Nnat,0.7673496,9.898595022700915e-11,Rpl13,0.555309,0.0,Rps14,0.59754103,3.385932473232322e-192,Thra,2.4774613,9.495990409157531e-60,Antxr1,4.406567,0.0,Crip1,2.3382354,4.6371765050343813e-48,Top1,1.0977012,8.117879386280723e-110,Fblim1,2.253876,8.486586015461059e-68,Mmp2,2.898887,1.2145682875567798e-12,Sh3bgrl3,0.47414428,7.461980283990177e-86,Fgd5,2.400547,1.2238702423151534e-234,Icam2,2.8918736,1.9231831916686835e-100,Smad6,4.208125,3.0077878155330274e-43,Olfm1,3.5450346,2.463059770201627e-105,4931406P16Rik,2.9822748,0.0,Fam183b,5.6069083,3.2735549125916356e-220,Cox5a,1.7574437,0.0,Meltf,7.27834,0.0,Krt8,2.7978885,1.2561854119108433e-99,H2afj,2.2055013,3.5147148596627425e-70,Hopx,4.435096,3.4782317505607297e-37,Podxl2,3.038017,1.343730788129619e-263,Pja2,2.944561,3.7690293181739726e-82,2010111I01Rik,2.0993845,1.3748672502389136e-172,Emp3,1.6851209,2.733869233207551e-128,Slc16a1,3.927619,4.0576429068619975e-143,Slfn2,4.925192,0.0,Capza2,2.310644,3.491697659936138e-139,Rhag,9.052865,0.0006020017819383356
Hmgb2,0.39773884,1.0688078531703181e-10,Fzd2,2.4454482,0.0,Clmp,2.5063024,4.74806372744155e-187,Actn4,2.313853,1.3328040083475182e-59,Tppp3,4.647629,0.0,Agtr1a,6.9065304,5.871085703525725e-48,Sulf2,1.6849221,1.1575258645546502e-109,Prdx4,1.5301756,2.470903054908167e-67,Ecm1,3.9168036,1.6353214846950412e-12,Rps8,0.16148889,7.966091300165795e-85,Anxa3,1.8140191,9.819852058859915e-234,Tmem88,2.950177,4.2539738084755885e-100,Nos3,4.058649,3.3628903120649107e-43,Fth1,1.0972216,5.357872242846209e-105,Prex2,4.0096745,0.0,Lsr,2.5618927,2.0244445806402608e-219,Tmem238,3.3563,0.0,Glrx,3.9159522,0.0,Gipc2,3.5345762,1.3748981155269845e-99,Klf4,3.0785067,7.363853197449273e-70,Gadd45g,3.5439677,3.565593508870592e-37,Elavl2,5.9540153,7.138065405915867e-262,Tgfbr3,4.700477,4.149218321927015e-82,Hoxb4,2.237712,1.0692345810387968e-169,Cd81,1.2681308,4.778667581244372e-124,Cryab,3.6124568,6.401897834968727e-142,Ostf1,2.0773299,0.0,Ntpcr,3.7939806,3.599695530224648e-139,Cfap57,3.8284125,0.0010015557134520903
Cald1,0.5621023,1.1232929594045296e-10,Wnt4,4.1022773,0.0,Edn3,4.0797577,2.201070039331534e-185,Ptms,2.0929027,3.3571893375855866e-59,C1s1,6.398036,0.0,Carmn,4.40793,1.7771094065958154e-47,Wnt5a,2.6069913,1.4768361773426267e-109,Nnat,1.7228047,7.50620364928754e-67,Mafb,3.1822107,4.3222579342292005e-12,Msn,1.1120024,6.849730192174502e-84,Dnaja1,1.2503841,3.1739881615657773e-233,Slco2a1,3.4871888,9.553717209697599e-100,Id3,2.1352634,3.732033045279231e-43,Apold1,3.4966993,5.406524797704021e-103,Cd200,4.111603,0.0,Ranbp1,1.337152,1.2405096397130286e-218,Ccl25,3.608743,0.0,Pcyt2,3.7396588,0.0,Mrps36,2.4437325,8.962868027556233e-97,Atp6ap2,2.6897693,7.309241866410974e-69,Nkx2-2,9.768512,6.713190614939952e-37,Zc3h15,1.947185,5.5491572700771565e-260,Wwp1,3.9263473,5.682695538865704e-82,Nrcam,6.060336,1.239610941769693e-169,Fgf9,4.641579,8.62830479607521e-124,Emp2,4.084561,8.89743724922497e-142,Man2b1,2.7266495,0.0,Pld4,4.91271,1.340038709223612e-138,Rec114,4.9426026,0.0010269311186568858
Tpm2,0.9134872,1.501589885870487e-10,Ckap4,1.7418623,0.0,Nedd4,1.0298058,1.0317256353409467e-184,Filip1l,3.3505394,4.49874656398425e-59,Rbms3,2.7171562,0.0,Lgmn,2.4915798,1.790724405717827e-47,Ptov1,1.1580436,6.17985257542237e-109,Thbs4,3.967964,3.419889774584723e-66,Bmpr2,2.3571935,4.478127908933898e-12,Pomp,0.34087932,1.9628570784538898e-82,Igfbp4,1.612839,5.73717857885098e-233,Bgn,2.8233452,6.1917934837679204e-99,Crip1,2.4091258,1.1117831657024402e-42,Adam10,2.0544338,6.558145312808797e-103,Plxnd1,3.1000528,0.0,Elf3,2.793904,4.89951294436326e-218,Apoa1,3.8155675,0.0,St3gal4,4.031593,0.0,Lgals2,2.9257755,6.768981020301628e-96,Grtp1,3.9623907,1.0749704436528149e-68,Gpx2,5.2483935,1.2764539673554116e-36,Nme1,1.6124125,6.606842122035788e-257,Rap1a,2.2872407,3.233461536445874e-80,Postn,1.9744729,1.443517178014085e-169,Bnc2,2.8268483,1.3515942101406645e-123,Vim,2.1399667,8.713445851248779e-141,Irf8,3.8300676,0.0,Lamp1,2.2715058,1.4879667151503133e-138,St3gal5,2.1460016,0.0010494498260772813
Rpl17,-0.1879444,3.9733336467939876e-10,Myl9,1.8358737,0.0,Pdlim7,1.7500759,1.2325177694034696e-183,Col1a2,3.1287172,9.957797610465277e-59,Thbs3,4.912461,0.0,Car2,4.879712,2.600160989330385e-47,Rbm39,1.0371257,2.0436407690956426e-108,Ptma,0.7423447,4.3265344679700633e-66,Rasl11a,4.2806263,5.608027296056017e-12,Stmn1,0.5838166,4.942181918474315e-82,Gimap4,2.457887,4.2240286141275095e-232,Flt1,2.8205075,8.762786314855092e-99,Egfl8,5.8758197,2.4052374684766808e-42,Scn1b,4.54448,1.9681240019066637e-102,BC028528,3.5729003,0.0,Rpl30,0.5917821,3.726012619976409e-217,Bex4,2.7676494,0.0,Serpinb1a,4.0431046,0.0,Mpp1,2.996287,1.5009014069865222e-95,Pcbd1,2.9231339,1.9734508681211125e-67,Npdc1,2.4783301,1.6264818922288365e-36,Dusp26,5.966062,2.9879679164440595e-256,Ubl3,2.9462862,7.835439756004057e-80,Rplp0,0.6944315,2.3837418776110104e-169,Eef1b2,0.8771974,5.986610028379709e-123,Colec12,3.5053694,1.5143002410732186e-140,Stab1,4.0300713,0.0,Ltc4s,5.491914,1.2644518022290423e-137,Hscb,1.4313447,0.0011519559445253569
Actg2,1.6234415,8.7533858050503e-10,Efemp2,2.1468284,0.0,Hmgn1,1.0474446,2.3382929912929022e-182,Fam241a,4.2031717,1.3897104323900667e-58,Rpl39,0.87953097,0.0,Foxf2,5.8922353,1.0451592752934966e-46,Pebp1,1.0562644,2.0247809439793913e-107,Dlk1,1.842207,4.3555639603196143e-66,Csf1,4.474174,6.0431433844031965e-12,Cav1,1.1302278,1.0348820022419842e-81,Mef2c,1.8040351,1.1224357814124932e-230,Filip1l,3.1223748,9.102464544928372e-99,Synpo,3.833871,4.23157378215536e-42,Serinc3,2.0168135,9.82329054652554e-102,Cd9,2.6775763,0.0,Rps14,0.65708554,2.1478129879241923e-214,Tpd52,2.5803208,0.0,Acadl,3.3621266,0.0,Ldha,1.374748,3.0054318888084375e-95,Impad1,2.6623034,2.6096366943666936e-67,Spint1,3.0763786,2.1152095146044143e-36,Mapt,6.657978,3.2376952881652993e-256,Dag1,3.3144152,3.341784398920842e-79,Rnaseh2c,1.5271188,4.97590963114418e-168,Dkk2,2.9756846,1.1513886404271535e-122,C2,4.7016025,3.3632163531780948e-140,Sat1,2.1279745,0.0,Fcgr4,6.4916053,1.6178355345804261e-137,1810058I24Rik,0.4100091,0.0013912020912347544
Ifitm1,0.823892,1.818789048703321e-08,Slc38a4,2.9031591,0.0,Nfia,1.598339,1.246160627930765e-181,Tns1,3.3070807,1.5203624198342079e-58,Serpinh1,1.8465785,0.0,Sept11,1.9451364,1.1214848130095995e-46,Ppp1r14a,2.5300984,2.1084268800000257e-106,Maged1,1.413813,1.2377897746517854e-65,Pcdh7,3.4138184,6.705727012967992e-12,Sox18,1.3694195,2.3665379105350686e-79,Itgb1,1.4815319,3.238670521279861e-229,Elk3,2.8298264,1.2589729153192905e-98,Notch1,2.6161003,4.5682245174621946e-42,Fbln5,2.8999782,1.7736186293341845e-100,Pdgfb,4.0558057,0.0,Rpl7,0.60437554,8.925958074429683e-213,Gsr,2.6272252,0.0,Abcc2,5.624582,0.0,Acot1,3.1138766,1.721390706285273e-93,Rnf128,3.2762473,7.407353274643711e-67,Rnase4,2.4055228,4.1536721220303724e-36,Sept3,4.936384,6.045917380203781e-256,Ptprz1,5.464109,3.35390398516433e-79,Hmgn3,1.9027909,2.540286338281608e-167,Efemp1,4.2511253,1.4780177304725834e-122,Emp3,2.450295,4.622034217311904e-140,Tspo,2.403946,0.0,Ppfia4,5.68863,5.329184910994955e-137,1300017J02Rik,6.2597914,0.0016343653856277195
Rpl28,-0.123762555,3.154725598406151e-08,Pdia6,1.2442638,0.0,Bcl11a,2.655332,1.8374079060663175e-179,Prkar1a,2.1211667,2.821705989032834e-57,Pi15,5.455701,0.0,Ralgapa1,3.0631592,2.1919785983640295e-46,Hsd17b10,1.2620864,2.8860654350182353e-105,Bmp4,3.7205384,1.302923035039484e-64,Ptgs1,3.1421092,7.2297901321362565e-12,Aplnr,1.606653,1.613503019287817e-78,Robo4,2.406638,9.909992115655616e-223,Kitl,3.1331496,1.7824242075114885e-98,Zyx,2.5784693,5.0505207907391994e-42,Gja4,3.9190335,3.517662298109388e-100,Itpkb,3.8263254,0.0,Mapk13,2.1468582,1.0899910002676195e-210,Aadac,4.265789,0.0,Anxa4,4.0497937,0.0,Gpx4,1.2556452,2.9008104929841943e-93,Mgst3,2.6016314,9.621755636070225e-67,Tusc3,2.245622,1.2869785967535066e-35,Rnf187,1.8560857,8.604561489264809e-256,Abca8b,7.335741,4.075786805219253e-79,Gas7,3.2880697,2.5837811115891375e-167,Amer1,2.6858106,1.592619914475642e-122,Fras1,4.0622706,2.8192096070460196e-139,Hpgds,5.0636716,0.0,Rnf149,3.4219973,1.4757495751610534e-136,Cd24a,0.98310816,0.0017414442170010614
Hba-x,1.5939637,6.356400631461342e-07,Rab34,2.0683951,0.0,Hand1,3.6015096,5.080156088789416e-178,Gucy1b1,3.6990817,2.869225058477684e-57,S100a10,1.8305365,0.0,Cebpb,2.5189507,4.5634406991182096e-46,Eef1g,1.0054696,1.4645851061655907e-103,Maged2,1.4951503,1.8398728029417618e-64,Cxcl14,6.7661843,7.859372692671508e-12,Ccdc85b,1.5690475,1.2051847869623332e-77,Tgfb1,2.1402054,1.7727682271812178e-221,Epas1,2.9707484,3.0891051073152e-97,Cgnl1,3.5675347,2.2140694773669615e-41,Mknk2,2.370009,5.915778890431951e-100,Rasgrp3,3.9382992,0.0,Naca,0.65608907,2.4739367602811847e-210,Sephs2,2.8342376,0.0,Atp1b1,4.033908,0.0,Atp5d,1.1001067,7.848441824361714e-93,Cdx1,3.9398403,3.1162035765771055e-66,Lgals4,2.8897831,1.5654433475231244e-35,Rtn4,1.7095085,1.2166648755922632e-253,Ahnak,2.6529682,1.0278467956908901e-78,Map4k4,1.5329169,9.717033129204989e-167,Creb3l2,2.1421618,1.0014833161259423e-121,Ildr2,6.621217,1.9064370924611493e-137,Hexa,2.382146,0.0,Ncf2,4.747141,1.8403812390956154e-136,Adipor1,0.9724873,0.0018714698181367666
Rps18,-0.31319872,9.261926565087287e-07,Ifitm2,1.1916605,0.0,Ptms,1.1705776,6.89760594400708e-177,Ctgf,5.128875,2.764066254265737e-56,Osr1,3.2150743,0.0,Rap2a,3.040486,4.78861741047886e-46,Rps19,0.60141224,3.9573719081867973e-103,Kdelr3,2.5822837,2.1722097627750518e-64,Rbms1,1.8067929,8.36847363932672e-12,Set,0.23657596,7.141503862092358e-77,She,2.6890407,3.54659849539912e-221,Npr1,3.8614933,1.3974824395462825e-96,Fryl,3.2339861,3.4983735933047864e-41,Cavin1,1.9354022,8.169421584277997e-99,Arap3,4.041008,0.0,Siva1,1.5726602,4.047304037753121e-210,Tpi1,1.979937,0.0,Cldn7,4.6091976,0.0,Gnpda1,3.6272643,7.267987388027293e-92,Prss32,7.8156037,4.548066335298366e-66,Smim24,2.717401,2.3255115147419746e-35,Chd3,2.0793896,1.2940742968399102e-252,S1pr3,4.5441756,1.8970830425765714e-78,Ctnnal1,3.490813,6.033781611692283e-165,Sdc4,2.0944633,2.9763262663111936e-121,Tgm2,4.1348023,6.325753712429535e-137,Clec4a1,7.4621377,0.0,Arhgdib,3.6079252,3.2288249778041158e-136,Plek2,2.6031048,0.0022555894664288566
