0_name,0_logfoldchange,0_pval,1_name,1_logfoldchange,1_pval,2_name,2_logfoldchange,2_pval,3_name,3_logfoldchange,3_pval,4_name,4_logfoldchange,4_pval,5_name,5_logfoldchange,5_pval,6_name,6_logfoldchange,6_pval,7_name,7_logfoldchange,7_pval,8_name,8_logfoldchange,8_pval,9_name,9_logfoldchange,9_pval,10_name,10_logfoldchange,10_pval,11_name,11_logfoldchange,11_pval,12_name,12_logfoldchange,12_pval,13_name,13_logfoldchange,13_pval,14_name,14_logfoldchange,14_pval
Cdkn1c,1.1866997,8.983183825589146e-286,Dcn,4.659038,0.0,Foxp2,2.6816115,1.1967279757890934e-301,Sox11,2.5131636,8.251283344010792e-257,Isl1,5.145361,6.580947685995561e-168,Colec10,4.771138,1.7513676265322068e-158,Actg2,5.485843,4.5740008122251745e-226,Etv1,5.1041503,2.2957494772594726e-150,Col4a1,4.413354,2.0092683983718919e-159,Cenpa,3.794172,2.7133942179718186e-95,Crip1,5.3977127,1.3212154215798194e-122,Col1a1,3.134746,3.941333136353727e-26,Plpp3,5.8854322,5.424600904834616e-27,Col6a4,8.967059,8.376454360002257e-26,Chodl,6.952385,3.806071201603602e-15
Ptn,1.3554808,2.3094462964275648e-262,Col3a1,2.8311157,0.0,Meis2,1.3464174,5.844272382160251e-232,Igfbp2,2.787475,9.397845039053278e-248,Peg3,1.9801292,1.8702037895731197e-158,Adamdec1,5.88325,6.66803697110612e-149,Acta2,4.8757043,3.4824921368309157e-221,Kit,4.962254,1.871045046046017e-135,Col18a1,6.766392,1.0008623135441317e-151,H2afz,2.0902145,2.5372367807535075e-90,Itga1,5.3839083,1.91847417388238e-120,Col1a2,3.449788,1.2688255343077554e-25,Tmem176b,4.4774337,6.954368290884194e-27,Pdgfra,5.3266263,1.5940328282299848e-25,Angptl2,4.185149,4.5199371489846985e-15
Dlk1,1.2951657,3.056715686028452e-224,Postn,5.2389364,0.0,Mab21l2,1.7384726,5.608960173724165e-210,Hoxd9,4.860268,3.438655976269098e-227,Stmn2,3.665251,1.6467591383764643e-131,Ptma,0.81661314,7.017104154988011e-144,Mylk,4.163861,5.654566778228228e-201,Chchd10,5.819602,3.6916854611676425e-122,Col4a2,4.0310044,1.7765203317926157e-149,H2afv,1.9608428,5.007572008381442e-89,Mcam,5.9088545,1.6766168773324642e-118,Fn1,3.6657662,4.611726076094283e-25,Hhip,7.602207,7.156619355148221e-27,Ednrb,6.378034,1.9047384113949736e-25,Nrp2,3.0363982,1.1487028814272333e-12
Slit2,1.6936772,3.7657050247565036e-212,Col1a2,3.336614,0.0,Foxp1,1.7625476,6.336397033483154e-205,Fst,3.9068706,4.898356542553527e-221,Nr2f2,1.6305718,3.901184777263328e-127,Snai2,2.5206392,3.6151817780294243e-143,Myl6,1.875113,1.0729055780579222e-178,Nrp2,3.2062068,3.964362272547561e-106,Igfbp7,4.7597313,4.363124156898815e-144,Birc5,3.3611248,1.899450085010748e-83,Igfbp7,4.6811433,1.2086784462696407e-114,Col5a2,2.5440862,8.493864180778106e-25,Aldh1a3,8.659778,9.157546733333905e-26,Adamdec1,8.657331,2.0374229068336347e-25,Thbs2,3.5021434,1.679715623118009e-12
Calr,0.962713,8.240368818361316e-194,Col1a1,2.9143784,0.0,Mpped2,2.2431686,1.065114470044875e-195,Isoc1,2.183905,1.634715040030824e-216,Sfrp1,1.8038058,2.9785706447165404e-116,Col14a1,2.176033,1.2703135681824793e-102,Myl9,3.2308302,2.8916015033245203e-170,Foxf1,3.023178,8.418684092804205e-105,Pdgfrb,4.6195807,7.370214605641992e-144,Ccnb2,3.6061728,2.3786962677973147e-78,Notch3,4.3769755,5.339848697087283e-114,P4ha2,4.311604,9.368518974202453e-25,Ifitm3,2.9048338,7.40456008850718e-25,Gm13889,6.4826493,9.427917523402552e-25,Fbln1,2.8531165,2.5985103267512724e-12
Mdk,0.89392245,1.8854105595366544e-186,Gsn,3.418758,0.0,Rps14,0.70397055,8.159825251466107e-195,Meis2,1.4393979,3.973876215492165e-207,Capn6,2.2608244,5.436538624163252e-111,Fibin,3.5360553,2.314154762757473e-102,Myh11,4.77265,3.199654071212409e-167,Ap1s2,3.7411268,1.9426981423662795e-102,Myh9,4.493951,2.3248080396064478e-142,Stmn1,2.12865,6.939243320528559e-74,Cav1,5.839026,2.9260963265889717e-111,Col18a1,4.7790174,1.2507418975341834e-23,Tmem176a,5.2947903,8.788793165704904e-25,Malat1,2.2403524,3.2114306382312523e-23,Cdo1,5.295479,3.226356440642975e-12
Rps20,0.40322015,2.5522050443201767e-180,S100a6,4.378488,0.0,Psd,1.6577462,2.840752190763595e-149,Hoxa10,4.279643,4.4523348230684865e-187,Palld,1.7782695,1.0666691640662887e-106,Tpt1,0.42709276,2.290026591500435e-98,Dstn,2.547287,7.428857415647056e-167,Cpe,2.4276197,6.256667598891115e-102,Rgs5,6.3745036,3.523293992409895e-140,Dynll1,1.1686348,1.936678905006327e-69,Myl9,4.01852,4.6356741728512195e-110,Peg3,2.9522955,2.2346769261040308e-23,Rarres2,3.9682763,2.1004661761858518e-23,Lama5,7.835711,4.535464262677015e-23,Rgs5,4.3627067,6.261976663937265e-12
Rpl13,0.38561156,7.324235667718227e-176,Col6a1,2.531204,0.0,Mylk,2.0106962,4.188209034152695e-146,Nnat,1.8882887,1.832461551503267e-166,Igf1,1.7763919,4.726456986896454e-93,Gpc6,2.4520109,7.1906793196646086e-96,Cnn1,5.0281706,1.614818803475845e-165,mt-Cytb,0.918577,3.727563398103431e-98,Ebf1,4.0907135,2.325271983877362e-129,Selenoh,1.8389224,8.89131143627788e-63,Tinagl1,7.025659,8.0166658664847e-110,Sh3bgrl3,2.3953805,5.875003893288556e-23,Stc2,10.039698,2.474706803349304e-23,Npnt,7.3714185,5.154122341886309e-23,Emp1,3.2140212,1.0940941429382264e-11
Rpl12,0.5397118,1.898101566907299e-175,Lum,3.1598392,0.0,Lsp1,1.4026402,2.7218531113994526e-145,Tgfbi,1.9340934,1.8845062816261732e-166,Tac2,3.8745334,2.655721458378249e-91,Rgs5,2.5004804,1.8415116533636933e-83,Ckb,3.578653,5.197822061637963e-161,mt-Nd4,0.8731654,4.976644846766683e-95,Mcam,5.64819,2.4861985873186573e-128,Nucks1,1.7341763,1.8247318862755963e-60,Cald1,2.5861502,1.8433125639684072e-109,Pitx2,4.261592,1.4797302758566933e-22,Igfbp3,6.0982976,1.219123382533768e-22,Tmem176a,4.3398232,8.579282138768649e-23,Emilin1,2.165708,2.082679322949817e-11
Rpl32,0.47493914,2.0933719233794152e-171,Sparc,1.9152931,0.0,Smoc2,1.345779,7.175141972084176e-131,Hoxd10,5.071324,1.4318831011830412e-158,Csrp2,1.3554249,5.31974794389645e-90,Cd63,0.9877514,1.1729810019843077e-81,Cald1,1.9991798,1.8195316978836074e-157,Enpep,5.1767664,1.1773540894986272e-91,Gm13889,5.7015696,4.196131384270851e-124,Cks2,2.89177,2.9461523538579737e-60,Tagln,5.2797666,4.090110436491791e-109,Gpx3,4.1797805,2.022118938568666e-21,Pros1,5.714995,1.5334416908004158e-22,Bmp5,6.3812118,2.0047438239750922e-20,Kitl,4.110757,2.352295197096069e-11
Rpl14,0.47956026,2.5343104226540677e-169,Mfap5,6.4623384,0.0,Rps16,0.49254408,2.052189102760755e-130,Ptma,0.6239632,1.3063284191747137e-135,Unc5c,2.0409355,2.4774740483637244e-84,Tcf21,1.3813561,1.0568789013411706e-74,Tpm1,2.1131222,3.5960458217003086e-152,Pcdh17,5.0912323,1.4600434004999138e-90,Sept4,6.1872873,9.541582923099358e-122,Tubb4b,2.6361668,2.0845272258694733e-59,Myh11,5.385287,1.598766555747076e-107,Csrp2,2.7770064,3.048901317766577e-21,Adamdec1,6.6620975,3.0664927875964056e-22,Col4a5,5.7161865,4.8135054454626734e-20,Smoc2,2.3723981,3.804267625409007e-11
Rpl28,0.43077588,2.0547211507616587e-164,Col14a1,3.952418,0.0,Rgs10,1.9005276,5.941153788867807e-128,Atxn7l3b,0.9901827,7.072931998808139e-132,Prnp,1.5956339,3.523719258357551e-82,Gpx3,2.589242,2.3363201872370092e-74,Tagln,3.5956013,4.924442863573123e-139,Cox8a,1.2277672,7.782900186356242e-83,Cygb,4.3692994,1.0233434532133404e-118,Hmgb2,2.1559398,1.171942711687573e-51,Col4a1,3.2840583,6.331170868221752e-107,Rcn3,2.3636632,3.929806316423764e-21,Col18a1,5.4871693,6.142440735808752e-22,Foxf1,3.6047702,1.6390937950867347e-19,Aspn,3.3535583,2.0909285708945605e-10
Csrp2,1.2733693,1.223303163216386e-163,Col6a2,2.5585225,0.0,Cox4i1,0.603841,3.48300595944878e-126,Prdx2,0.82450336,8.854377664164967e-124,mt-Nd4l,1.390802,5.647222871812731e-82,Ccnd2,1.3684281,2.484251727116995e-73,Tpm2,2.4237456,1.964936355367599e-135,Tmem158,3.2051556,2.1317535289672885e-80,Epas1,6.3451347,7.748790689932906e-112,Ran,1.3216488,1.9666958903194365e-51,Mef2c,4.7234373,1.1128397910037348e-103,Tgfb2,3.8150733,5.4191484386496956e-21,Hmcn1,5.2493787,7.203286278098583e-22,Lamb1,3.291827,1.6943141798639826e-19,Gucy1b1,3.0275662,2.3630780475445234e-10
Rps10,0.4196542,5.6165083163909936e-157,S100a10,3.0936933,0.0,Tpt1,0.32648292,7.189865614864638e-126,Hoxd11,4.6410656,7.243894319498048e-113,Abcg2,2.078157,2.568780934244564e-81,Ppp1r14a,1.7549174,1.1395092745715846e-72,Hmga2,2.9944866,7.383743664097917e-128,mt-Nd2,0.8062183,1.0005734141145874e-78,Itga1,4.6053715,8.786213346270176e-110,Hist1h2bc,3.6880918,3.080250815151369e-48,Mustn1,6.1700788,2.8619424722058033e-103,Plagl1,2.1576598,6.349334315690832e-21,Bgn,2.993173,1.8296992328920935e-21,AW112010,8.107483,1.766418168028824e-19,Col6a3,2.33254,4.2039510220082683e-10
Rps23,0.5480225,4.354069468989853e-155,Itih5,5.11524,0.0,Rpl18a,0.50278777,1.4500330990770172e-114,Mab21l2,1.413895,1.1231308734549669e-108,Nnat,1.4856877,3.285175373753305e-81,Ptch1,2.0371578,1.5577602773652817e-70,Foxf1,2.5661852,4.5101556416066195e-123,Ppargc1a,4.5962667,1.3089209501903614e-78,Crip2,4.052416,2.1259418881798326e-107,Hmgn2,1.3265524,1.3504429735943752e-40,Jag1,4.1191545,6.983326780687259e-103,Serpinh1,1.4932761,3.509317200942541e-20,Tagln2,4.30925,2.3232348953294097e-21,Tmem176b,3.8002949,4.2644703956066433e-19,Ets1,3.1321278,5.489991530878485e-10
Sfrp2,1.5604444,2.683021060882574e-153,Gpc3,1.8959807,0.0,Rps27a,0.37338224,1.0277465757105475e-110,Igfbp5,1.4361901,3.3458464993007985e-104,Pitx2,2.657381,4.991481666691345e-80,Foxf1,1.6443181,7.150418601919126e-70,Actb,0.9539125,5.990275285782116e-119,Rgs10,2.790096,4.0563898164678306e-77,Rarres2,3.154009,2.5296305727583943e-107,Hmgn1,0.9395029,7.664790284937766e-40,Acta2,4.803834,1.4305723142170654e-101,Pitx1,6.356698,5.0473211413594466e-20,Lgmn,4.5190234,1.2503305209637869e-19,mt-Cytb,1.2349837,2.122477820884558e-18,Pde5a,2.5633206,9.702560959622183e-10
Rpl41,0.51049227,5.560900330218055e-151,Col5a1,2.366871,0.0,Uqcrh,0.6066818,1.400492374778483e-110,Cd24a,1.7756101,3.013936843475113e-102,Mtch1,1.0211987,1.033306468541978e-77,Hsp90aa1,0.93890345,1.280575563926331e-65,Mgst3,2.8668988,4.632503017510099e-115,mt-Nd1,0.83644515,5.819864164627481e-76,Lamb1,2.9821866,2.642468486928677e-106,Rnaseh2c,1.6251897,7.75193020889634e-36,Aoc3,5.431179,2.930360295687387e-101,Col4a5,4.2801075,6.625834500444836e-19,Plac8,4.186929,2.6389794101154185e-19,Pten,3.8407629,4.676591191726452e-18,Pde3a,2.7483628,1.0454111717860743e-09
Wnt4,2.3977652,1.0930647403056544e-146,Itm2a,2.2705667,0.0,Rpl23,0.3520366,3.6351758155756333e-106,Hoxa9,3.650478,1.874691359087378e-96,Ncam1,1.3396811,1.819459677219015e-70,Mgll,2.5186837,1.8366381052462307e-63,Pdlim7,2.1352816,6.064049828221267e-111,mt-Co3,0.629253,4.4395880695815e-75,Ifitm3,2.234242,1.1851618110255138e-104,Cdca3,2.428317,1.6887532558852197e-35,Gm13889,5.081421,1.0622197704137962e-100,Col4a6,5.3951726,1.8597167153846854e-18,Col6a4,6.1726236,6.078940741309511e-19,Tgfbi,4.048352,8.481416478271828e-18,Pdgfra,2.6572664,2.5875408210780888e-09
Rps18,0.6240848,1.4877802697399125e-146,Vim,1.6569122,0.0,Cox7a2l,0.8213586,3.801786699630068e-106,Hsp90ab1,0.60689914,2.7948162569554265e-95,Scrn1,3.3962274,1.941140535514762e-69,Phlda1,2.1007915,3.5574006997866334e-63,Abracl,1.9721149,5.464958853663934e-110,Foxp2,2.5723646,1.5670248607176177e-73,Rasgrp2,4.292632,1.675418217787063e-103,Ptma,0.6105925,4.2137447924206904e-35,Tpm1,2.673285,2.179141309794306e-100,Pcolce,2.7414372,3.478637962258978e-18,Selenop,4.0115747,9.19353874373718e-19,Col6a1,2.59538,1.7752001416103962e-16,Ssfa2,3.5982072,2.870601594733927e-09
Rps11,0.4023729,5.540837064641906e-144,Nid1,2.9843485,0.0,Col23a1,1.8660351,1.3163338071612695e-104,Basp1,0.9861234,1.4016708411109135e-92,Zfhx4,1.3732321,1.2657792102295882e-68,Pkdcc,1.6199337,1.3102771825522674e-59,Fermt2,1.9578062,6.676294121957535e-110,Btg1,2.0234935,1.891429163033992e-73,Nid2,3.6651266,5.232139242235301e-102,Hsp90b1,1.0030344,6.18403295465442e-34,Cavin3,2.9103844,6.762032907569453e-97,Fabp5,2.6663258,6.759731598742532e-18,Sept4,5.3725038,4.0448075564340026e-18,Ptch1,4.198396,2.340115519084451e-16,Cmtm3,2.047868,3.1361750973890233e-09
Rps15a,0.41078475,1.2553662571191032e-141,Col6a3,2.359028,0.0,Rpl5,0.48247552,1.2826929167776976e-101,Crabp2,4.4370775,7.343277691353671e-91,Tnc,2.6475942,3.045540538393324e-68,Hint1,0.745306,3.8449789818207406e-59,Igfbp2,2.6531563,7.760115284915912e-106,Spry1,3.1867092,9.402675508212183e-71,Gcnt2,6.7891526,1.1825991014287157e-100,Cenpf,2.4879186,1.466298729223932e-33,Ndufa4l2,4.478621,1.892597263736264e-95,Wnt2,7.127782,1.956495863399092e-17,Nkx2-3,2.8452325,6.574394463847434e-18,Col6a3,2.9384906,2.803724420420647e-16,Tgfbi,2.5756335,3.713070821951573e-09
Rpl19,0.47553247,3.6607880003255207e-141,Cd34,4.5077157,0.0,Timp3,1.7027876,2.909555811265144e-99,Marcksl1,0.9012554,4.06912903533535e-88,Cxcl12,1.2438357,3.662996078497461e-68,Mab21l2,1.3277938,4.058409421264742e-59,Rbpms,1.8697845,7.471221834691726e-104,Ldhb,2.147544,2.8285146208837612e-70,Cbfa2t3,5.5362244,5.31836971906362e-100,Sub1,0.85791576,5.871522738236372e-33,Tm4sf1,5.4350076,2.932879263069164e-93,P4ha1,2.8216424,7.7845666217976e-17,Fgfr2,4.0995326,8.80099560715198e-18,Pla2g4a,4.6901526,8.758598445709662e-16,Pid1,3.9133985,4.0506907725361834e-09
Rpl27a,0.39859313,3.7482735979393034e-141,Igfbp7,3.4541438,0.0,Rps24,0.3065235,7.067546071385439e-99,Fbn2,0.9634614,3.293100043023696e-84,Hsp90ab1,0.5890416,3.0023966122593864e-67,Hmgn1,0.7727992,1.5187815363995899e-58,Flna,1.766887,1.6964157338534484e-100,Pde3a,2.7654626,4.686730746268022e-69,Notch3,3.7440608,6.519083770208097e-97,Cdkn1c,1.0312381,1.6509408852249063e-32,Col4a2,3.1493108,2.9218826606264823e-92,Postn,3.5005167,8.302137185930517e-17,Igfbp7,3.6893542,1.0480832966753506e-17,mt-Nd4,1.0436459,9.727952398422872e-16,Arpc3,1.7495886,7.757281816447621e-09
Rps24,0.3198896,2.929466072173594e-138,Dlk1,1.841915,0.0,Ldhb,1.1970783,4.489532904341529e-98,Gsta4,2.4688404,8.213767667766182e-81,Mmp16,1.9476624,2.1019129445433743e-64,Sox4,1.1106832,1.601253647091986e-58,Cfl1,1.0240291,2.2671604113814938e-97,Atp2b1,1.7524045,6.716241387966122e-69,Ndufa4l2,4.2737303,2.0358978258797447e-94,Hmgb1,1.0510345,4.2278423848456886e-32,Sept7,1.9805995,1.7385873936846024e-91,Gata6,3.0309527,8.608662030288492e-17,Myh9,3.3904636,1.8056922927007318e-17,Tbx3,5.9779706,1.0652494532166348e-15,Fxyd6,2.08951,8.588916289074525e-09
Sulf2,1.1893789,4.444484353844597e-136,Fstl1,1.6085622,0.0,Acta2,1.6441114,1.9089635553679648e-97,Nfib,0.91488206,2.383930930231806e-80,Adamtsl1,1.8936231,1.3081065333028851e-59,H2afz,1.0952165,1.796601176426891e-58,Psd,2.066937,1.81691905135404e-95,Edn3,3.3519635,1.3712945269191997e-68,Art3,8.047431,1.5584755443786281e-93,Knstrn,2.8087573,4.7778986610567943e-32,Flna,2.748066,9.534941288238055e-90,Stk26,5.4323416,1.1010249364079987e-16,Ptch1,3.4528139,2.582445993956684e-17,mt-Nd1,1.128632,1.8217031012832115e-15,Vim,1.4670137,9.953276933397919e-09
Rplp1,0.45867482,4.033762597064514e-135,Vcan,2.6664538,0.0,Rps23,0.45639575,2.0402657303624033e-96,Set,0.7130902,1.1816703334848233e-78,Tnfaip8,1.3005449,5.4386800218083054e-58,Ybx1,0.69292367,6.673704001420603e-58,Cnn2,1.7798796,2.4596941251187836e-95,Thbs4,3.5932899,5.800671306349898e-68,mt-Cytb,1.0066193,2.460836140369104e-93,H1fx,1.4043696,6.448562500797654e-32,Tpm2,2.7378652,9.72647105421482e-90,Serpinf1,3.452131,1.540302803953974e-16,Spon2,5.0328817,3.200307939611661e-17,Plpp3,3.9349658,2.7535071129776436e-15,Cyp20a1,2.7287066,1.1446314995696752e-08
Rps19,0.48300865,3.756139966281691e-133,Zim1,3.562288,0.0,Rps19,0.43818521,2.094768502062513e-95,6330403K07Rik,1.0676059,6.479036206195043e-77,Gata6,1.6239725,8.631594819809299e-58,Robo2,3.3264086,1.1945879008019416e-57,Myocd,3.6148663,3.646878115876192e-93,Atp2a3,4.345466,1.1714973161517715e-66,Fabp7,5.315453,1.37745720667887e-91,Lmnb1,1.5824336,3.1338324777407623e-31,Esam,5.9708157,2.7027884704714622e-89,Sfrp2,2.864463,1.7456484527331793e-16,Itgb1,1.9971765,3.6575067293891453e-17,mt-Co1,1.0353693,8.994870165842858e-15,Atp5j,1.18737,1.1484392169279243e-08
Rps17,0.50341296,2.1675131264114757e-132,Clec3b,9.200295,0.0,Foxf1,1.3772956,3.329033489927336e-93,2600014E21Rik,6.235729,3.119004424731257e-75,6330403K07Rik,1.0726972,9.600018148199873e-57,Idh2,0.97012126,1.8977105295492801e-57,Synpo2,2.9274082,1.270780845031888e-87,Dkk2,2.890854,3.334162029367202e-65,Tagln2,3.298027,4.138600981456645e-89,Rangap1,2.1934054,8.576254511804718e-29,Actn1,2.9199739,4.49417907554212e-89,Gja1,5.050239,2.1018460594173037e-16,Gm13889,4.775434,5.853992871969236e-17,Tcf4,3.1805491,1.2162590053074006e-14,Svep1,3.0735397,1.2315597429354732e-08
Rpl11,0.5379447,4.727325670270107e-131,Ebf1,3.231979,0.0,Pde5a,1.6266671,5.956447263642238e-85,Cbx1,0.917471,1.9735672569387797e-69,Cux2,2.014161,8.786536792613029e-55,Angptl1,2.8892741,2.4924465832118445e-57,Aldh1a1,3.4053469,1.4111770361882377e-86,Ano1,3.9069946,8.111077445723529e-65,Phlda1,3.860626,7.296308422314402e-85,Oaz1,0.7247223,2.6809012269795704e-28,Pdgfa,3.89404,2.4396813844479437e-87,Col5a1,2.1088147,2.351289762167744e-16,Fhl1,4.143011,1.0381665832186017e-16,mt-Co3,0.8539217,1.299900503177477e-14,Col6a1,1.694812,2.33652025834661e-08
Eef1b2,0.6441823,3.9079633169062024e-126,Col5a2,1.722064,0.0,Cox8a,0.5586638,9.990227352390349e-83,Zfhx3,1.090524,4.702023291899101e-68,Mif,0.88179356,4.0270074133960225e-54,Oaz1,0.6767757,3.0310115285469026e-57,Fbxl22,4.7540402,3.870519380812167e-83,Elovl6,2.625059,5.647548585853949e-62,Igfbp3,4.264042,4.175912015902793e-82,Psma3,0.9022734,3.0525101582973e-28,Cryab,4.353148,7.221897456206492e-87,Rrbp1,1.6921619,2.396162413770902e-16,Sertm1,10.237893,1.113231982077005e-16,Nrep,2.6472027,1.7699224456383177e-14,Ifitm3,1.5732564,2.632206369547266e-08
Mest,0.9836797,4.547130381538986e-123,Sparcl1,2.227763,0.0,Etv1,2.011922,3.093547781817909e-82,Hoxc10,3.6397407,1.4728163613877296e-67,Fam198b,2.7895415,6.700894794542326e-53,Fam46a,2.122701,2.5745171770402146e-56,Ncam1,1.7815354,5.883781782406792e-82,Osr1,1.9959259,5.786788079756293e-62,Abcc9,3.3011582,6.611825129674477e-82,Pdcd5,1.0302355,4.348632644896745e-28,Il13ra1,5.9893355,2.933317252705017e-86,Prss35,3.684374,3.087007370119901e-16,Cebpd,4.4840813,9.213707140249374e-16,Vegfa,4.419816,1.8061098077183525e-14,Rgs10,2.506567,2.9856936770449026e-08
Rpl26,0.3774601,1.9935930525412842e-122,Bgn,2.3062646,0.0,Npm1,0.5248252,3.2540765503921864e-82,Htra1,2.7373464,1.258970473248937e-66,Grb10,0.7040517,7.463304484013921e-53,Bmp4,2.5175872,2.978249689398892e-56,Rpl7,0.61085135,1.406349402448808e-76,mt-Co2,0.58142227,3.229066929092971e-61,Nid1,2.645055,1.0609353654050972e-80,Mdk,0.85803056,4.744813315972728e-28,Pde3a,3.3480403,3.70979089523175e-86,Col3a1,2.0074065,3.2187428382214415e-16,Rasl11a,4.5933,1.3368653766282056e-15,mt-Atp6,0.8430784,2.3247413987197883e-14,Eln,2.0894463,4.452104696954505e-08
Lgals1,0.65682125,6.994421189783937e-121,Ahnak,2.1834064,0.0,Btg1,1.0675539,8.536816771577195e-82,Id1,1.3763152,1.5979223805655489e-66,Cxcl13,2.354162,5.882867743060235e-52,Cdk4,0.889264,9.106563275743017e-56,Hacd1,2.48609,4.8773661702316316e-76,Slc12a2,2.854402,2.551271147571998e-60,Thbd,4.899083,5.666105822529246e-79,Eif1,0.5730887,1.5084587442745154e-27,Bcam,5.4705505,1.652324441976056e-85,Bsg,1.4855747,3.5103041660844087e-16,Myl12a,1.8859532,1.4401719362400694e-15,Slco2a1,6.980473,3.5147989219725047e-14,Spry2,3.327443,5.064107556895988e-08
Rps25,0.44758213,4.017373030497112e-120,Igfbp4,1.4303585,0.0,Rpl15,0.46607235,1.3052948483034069e-80,Tcf21,1.022252,1.1695133525992117e-65,5033428I22Rik,1.9595631,1.4759578197442727e-50,Lpar1,1.6340256,1.1667224379833533e-55,Csrp1,2.1193035,2.2316993876770705e-75,Itpk1,3.69477,6.192294616388469e-57,Tns1,3.159586,7.168164028558464e-79,Hmgn3,1.5550852,5.3826035623014564e-27,Eln,5.0000353,2.727450493355481e-84,Man1a,4.7789516,4.344059787167929e-16,mt-Cytb,0.9704716,1.647641833304983e-15,Col18a1,4.1973925,3.5262702453477075e-14,Abcc9,2.4170601,5.50859612108074e-08
Rps27a,0.35998127,4.372343972545126e-120,Matn2,3.7243452,0.0,Rps4x,0.38003463,3.6084301367265744e-80,Hmgn1,0.63780415,1.0651134752506305e-64,Adgrl3,1.7844422,4.8325849581258e-50,Atxn7l3b,0.8411195,1.7497998438818566e-55,Nexn,2.7110229,4.665777964593398e-75,H19,1.1840895,3.6269718520135845e-56,Gjc1,2.4973292,1.7132675309400059e-77,Ube2s,1.2111386,1.9917426095252195e-26,Crip2,3.8398125,4.426738921222296e-84,Lum,2.5630987,8.981414627064606e-16,Emilin1,2.2344258,1.945403463871182e-15,Lgmn,4.0074306,3.847616952169362e-14,Tmem158,2.904227,5.7618721312988006e-08
Marcks,0.7561702,6.88461084008022e-120,Serping1,3.0199564,0.0,Rps13,0.38475305,4.88360262113823e-80,Hist3h2ba,2.0809565,1.3307035260611212e-64,Angpt1,2.132842,6.031286729309769e-49,Gucy1a1,1.5710061,6.4782715604880704e-55,Pdlim3,4.201001,2.6646193933719432e-74,Foxp1,1.8005524,1.9779581381521568e-53,Tgfb2,3.9232006,2.014546697256782e-76,Cenpe,2.457379,2.9449016141130765e-26,Lmod1,4.8112674,6.185306395697875e-81,Ckap4,2.0863533,1.2473420514243914e-15,Tpm4,2.1343086,3.598193105878953e-15,Nid1,2.9048922,5.616825158583862e-14,Man2a2,3.2043734,6.573104285950331e-08
Nr2f2,1.1226399,7.877972760027248e-119,Crip1,3.617904,0.0,Rpl30,0.35183463,5.552629455170983e-80,Mdk,0.7049092,1.7125092443910108e-62,Sulf2,1.0067539,3.2785179725113227e-48,Gucy1b1,1.5379713,7.465898936457925e-55,Pfn1,0.93963414,1.6147063846166234e-72,Atp1a1,2.203675,3.2238160560864636e-53,mt-Nd4,0.8443674,2.065269403396654e-75,Odc1,1.481264,4.949630642433167e-26,Inpp4b,6.4106007,7.6284897069394585e-81,Nrk,2.3286858,1.4776762179432162e-15,AW112010,6.446684,3.769615592629354e-15,mt-Co2,0.8521258,1.7986020301763368e-13,Fibin,4.012849,7.869580359039978e-08
Tmsb10,0.61925316,2.7063976102318467e-118,Tnxb,4.4116445,0.0,Rps10,0.341692,1.0712280470002834e-79,Nme1,0.8877597,1.3725413147435628e-61,Slit2,1.1062644,7.371763818908388e-47,H2afy2,1.1722906,7.803134433995083e-54,Carmn,2.2869856,2.8997193380367933e-68,Atp5b,1.1018192,4.468274046994842e-53,Tmsb4x,1.0664033,2.4036274469472376e-73,Mki67,1.9298707,5.264976263458478e-26,Map3k20,4.3768544,1.256612232347716e-78,Cpz,3.6085892,6.689927162851679e-15,Foxf2,4.909149,3.890165322336966e-15,Zbtb20,3.2901351,3.0180357584003526e-13,Col13a1,3.1414137,1.2491109883680204e-07
Rps8,0.34276196,7.877612284554681e-117,Fbln1,2.2851052,0.0,Rpl34,0.47457758,2.0689553261749144e-78,Sub1,0.6130085,8.318039987358711e-61,Rps11,0.3145415,3.835060642308923e-44,Set,0.7443692,5.811204820511862e-53,Lpp,1.7698765,1.2826674875630548e-67,mt-Co1,0.5668434,1.3534243550096087e-52,Lama4,3.260173,3.2043628755915844e-72,H3f3b,0.5119477,7.083105288761046e-26,Cavin1,3.035862,1.9699513489375921e-78,Arl4c,5.1911693,7.934455884281079e-15,Zeb2,2.497517,5.453349872132833e-15,Mgst1,4.4841733,3.309245073016074e-13,Igfbp7,2.6265228,1.446878898120753e-07
Ppib,0.6364967,2.343415832175056e-116,Ltbp4,2.155826,0.0,Atp5g2,0.6769392,2.692157156686389e-78,Eef1g,0.6706525,2.0835919927323294e-59,Ntm,2.0978832,9.57001211364467e-44,Higd1a,1.3536687,1.2075001404972357e-51,Mab21l2,1.6137514,1.924423069087269e-65,Aldoa,1.5179325,1.843166608374762e-52,mt-Nd1,0.898648,5.703059190409978e-72,Hsp90aa1,0.9055337,1.5878423028960201e-24,Cav2,6.6917787,7.979960713907838e-78,Creb3l1,3.036226,8.120524768849094e-15,Ifitm1,2.0918705,6.286166562959351e-15,Bmp4,4.449322,9.769792863854334e-13,Piezo2,2.8918366,1.6270825630172783e-07
Rps15,0.45288938,2.599656224558179e-116,Akap12,2.164622,0.0,Rps5,0.52952546,1.6511770060464972e-77,Cdk4,0.69518346,1.377068795876721e-56,Sulf1,1.2918632,1.0093063436138066e-42,Cbx1,1.0280043,1.9998100668975172e-51,Aldh1a2,3.086795,5.310141123563926e-65,mt-Atp6,0.5055523,3.6511974219834666e-48,Plvap,5.574626,5.80614563377893e-72,Tpx2,2.2198958,6.458832386480164e-24,Procr,6.1417575,2.674939206892838e-77,Tmem132c,6.9711723,1.1827440883740749e-14,Cxcl14,7.565068,2.0023342819116287e-14,Rgs10,3.4927082,1.1528331703491084e-12,Gdf10,3.1756947,1.9028468418171809e-07
Rps13,0.41025257,6.352374245211825e-116,Fbn1,1.9832414,0.0,Ifitm3,0.7285339,2.2707563945768132e-76,H2afv,0.80038756,1.396088076228805e-56,Zeb2,1.0625962,1.3708222075321644e-42,Pdgfra,1.4897095,2.0694245763658882e-51,Foxp1,1.5813409,8.739860309677129e-64,Prkcq,5.6217055,3.675988273730131e-48,Mfge8,2.9415598,3.1449669602250733e-71,Txn1,0.73268056,3.4288883773944525e-23,Itgb1,1.9612602,2.8480701402285078e-77,Gpx7,2.5656176,1.780748799420073e-14,Iigp1,7.068511,2.030941765409263e-14,Tsc22d1,1.7143909,1.590583109305926e-12,Gucy1a1,2.5456138,1.9324183284283024e-07
Rpl23,0.34527138,6.859454804980289e-114,Pcolce,2.724197,0.0,Rpl3,0.49747136,2.8629493741823224e-75,Nasp,0.9713569,5.300453408962399e-56,Igfbp5,1.0881184,1.775943441618788e-42,Fbxl7,1.530785,8.163348251500082e-51,Tgfb1i1,1.5159314,9.908099739023615e-63,Rbpms,1.5466611,5.332543022207932e-48,Ggt5,4.7911353,8.670981813882237e-70,Anp32b,0.8030081,3.692015214441081e-23,Mfge8,3.0988598,4.790322824983376e-77,Fam46a,3.0674489,2.3066422552307682e-14,Gpx3,4.0056357,5.4648067523384333e-14,Nrg1,7.5620775,2.311381766941391e-12,Tnfrsf11b,4.1381335,2.1045691619589514e-07
Pdia6,0.8066708,8.05705380288199e-114,Col5a3,5.201297,0.0,Rps7,0.41752693,2.9880188538629e-75,Hspe1,0.65613234,1.776479883187967e-55,Cntfr,1.7359757,5.99898341055054e-42,Tgfbi,1.3089638,5.743647828475701e-50,Ccnd2,1.3796537,4.8427727958863724e-61,Timp3,2.282524,1.468815664069404e-47,Myo1b,3.1720073,2.5865574786386515e-69,Cdc20,2.6081014,1.085694092283957e-22,Parm1,3.5300493,2.800442364371532e-74,Hdlbp,1.9032229,2.8871458760018097e-14,Cst3,1.888536,6.056266037638851e-14,mt-Nd3,1.2547762,2.7997518101086312e-12,Plpp1,2.3382604,2.121409993059177e-07
Fabp5,1.198662,8.703845683429557e-112,Peg3,2.0887897,0.0,A830018L16Rik,3.1996217,3.1419091633050835e-75,Trps1,1.3533909,4.748647438798286e-55,Odc1,1.1141657,1.2759910968642525e-41,Aldh1a2,2.5639515,8.058568404515567e-50,Ccdc85b,2.3694973,2.905154738382642e-60,C2cd4a,5.5795107,2.769771584912529e-47,Myl12a,1.6126933,6.784201430593955e-69,Swi5,0.8333868,4.394192979404799e-22,Mprip,2.4847693,2.939618982884911e-73,Sparc,1.4815788,4.606981701055601e-14,Col4a1,2.3177893,6.667037623523989e-14,Smoc1,6.1520777,3.8305659769787986e-12,Kcnn3,4.952484,3.8973786447272155e-07
Col3a1,0.7235962,6.218972150115147e-110,S100a11,1.6832763,0.0,Alcam,1.3823642,3.9312473313952097e-75,Top1,0.72582066,2.1766590822504337e-54,Bex3,0.693578,1.6364030940401973e-41,Robo1,2.3893673,1.8424863348916548e-49,Cavin2,1.9125665,3.9379307407241505e-60,Uqcr10,1.3428599,4.48333663764465e-47,Cspg4,3.6675217,7.345125809794549e-69,Ppia,0.47485328,4.654614298573895e-22,Lgalsl,3.957968,4.417848812941358e-73,Lhfpl2,3.140486,4.6999394208147996e-14,Lamb1,2.3575988,6.799924454060325e-14,Col6a2,2.1113565,3.924264525747625e-12,Lum,2.046899,5.655614301608166e-07
Tenm4,1.3310966,8.568996496784717e-106,Fndc1,5.5389476,4.022040172309414e-306,Myl6,0.6150853,7.455268591432487e-73,Mpped2,1.3958768,5.902780602487578e-54,Rps7,0.4400036,1.0481399818881374e-40,Mif,0.9180549,4.4959901568733734e-49,Mgll,2.6330423,7.69688852669606e-60,Ppp1r14a,2.0760872,1.789890101677515e-45,Tpm4,1.8370304,2.8744540037754667e-68,Pclaf,1.3314912,1.1213695825126542e-21,Rasgrp2,3.6378405,8.216673079992751e-72,Abi3bp,3.250325,1.3592170454406953e-13,Nid2,3.3480203,7.751935446752678e-14,Txnip,2.2780223,4.733003879119476e-12,Tcf21,1.8565606,5.789882735974215e-07
Rpl18,0.5085158,6.003983631643336e-105,Fmo1,3.852443,3.0566452816131448e-295,Gm266,1.2549591,1.071694246459462e-70,Hmgb3,1.0314906,1.3349811456824e-53,Kif26b,2.0559812,1.493152933469831e-40,Zeb2,1.2472248,2.9546518884661083e-48,Lmod1,3.206734,1.2149246289118727e-59,Aldh1b1,3.6233914,3.464707865284445e-45,Gucy1a1,2.8419194,1.5661349011646235e-67,Ptms,0.81455976,6.648553006411829e-21,Ccnd1,4.1219587,6.513695036282522e-71,P4hb,1.6258857,3.8073979969630687e-13,Cited2,3.852862,9.322749241326654e-14,Glp2r,6.9683437,1.610289276765018e-11,Timp3,2.458619,7.456527773143274e-07
Igf1,1.2684301,2.6094664201773358e-104,Eln,2.581253,1.4207855992852993e-282,Tceal9,0.54956466,1.2816460261823113e-70,Tma7,0.6449294,2.5097670377222414e-53,Rpl7a,0.6816452,4.287260814939584e-40,Ran,0.86339897,3.3318240028639665e-48,Ccdc107,1.9786826,4.394746187993921e-59,Atp2a2,1.968709,1.4082822409144611e-43,Serpinb1a,4.86644,1.6471050433008827e-67,Lockd,2.493298,1.7218414638317437e-20,Dstn,2.284342,2.8495401726038315e-70,Gabarap,1.1730574,1.0358406032045267e-12,Lama5,5.027388,1.4720066363630316e-13,Cebpb,3.7075624,2.1059935237579756e-11,Cpe,1.8168576,9.251866977413243e-07
Rpl22l1,0.55091846,5.673036778055474e-104,Rpl39,0.6626891,3.275999091769313e-282,Tcf21,0.9315241,4.672127765392686e-69,Hnrnpa0,0.5856104,3.907746325908515e-53,Cbx5,0.88297963,4.7227030699908934e-39,Hmgn2,0.9689644,4.4882069166842464e-48,Nrp2,1.8212347,1.7630260163215939e-57,Slc38a1,2.4981444,6.844417819856268e-42,Tmem176a,2.3123906,2.752691591261805e-66,Lsm6,1.1511375,1.8546477839889073e-20,Actn4,2.4638073,4.427949940244227e-69,Adamts1,2.6278093,1.2980714868200345e-12,Rasgrp2,3.4346495,1.598563194023729e-13,Id2,2.3410141,3.564074530169169e-11,F2r,2.667894,1.099999722200525e-06
Rps14,0.52896184,9.401526921981428e-104,Lmna,2.1405172,1.1494967235593965e-280,Rps3a1,0.34625745,2.3732219358388534e-68,Tshz2,0.6960947,5.169464834447198e-53,Mdk,0.6626212,1.4819728552543508e-38,Nucks1,1.0559949,5.0803369923660674e-48,Ppia,0.56314045,4.504939578029483e-57,2010107E04Rik,1.2555946,9.398293086860184e-42,Gng11,2.6477962,8.939948637252309e-66,Cacybp,1.0394871,1.1059451253659238e-19,Actg2,3.5280516,1.47485110143371e-68,Kdr,4.455524,1.8094339486195926e-12,Tpm1,1.9444867,1.8941583264669727e-13,mt-Nd2,0.80184203,7.393813491053255e-11,Camk2n1,2.2829583,1.216366737298599e-06
Rpsa,0.5155481,2.4387587583797255e-102,mt-Co1,0.7434843,5.193750160288613e-280,Rpl7,0.348302,2.3770218622698388e-68,Mettl9,0.80252516,1.023999994111068e-52,Hmga2,1.3025279,2.1325772513086849e-38,Atp5g2,0.76342565,8.131538964828736e-48,Lmo4,1.6462092,8.75801126409075e-56,Gpr20,4.146263,3.723453792513995e-40,Cald1,1.5397851,1.2235150380281771e-65,Calm2,0.7520465,1.1200119239713447e-19,Rgs7bp,4.2270875,2.829265370533486e-67,Cpne4,9.05706,2.3088134177273865e-12,Fermt2,2.060889,2.1767650936014252e-13,Adamts18,6.9102845,1.1814121205766234e-10,Ppm1l,3.8064494,1.414515129670934e-06
Ccdc80,1.0902888,8.204441609021554e-101,Laptm4a,1.0604931,5.281657567142208e-280,Tgfbi,1.0932237,4.400508671594901e-68,Pebp1,0.5882591,3.3720099100356014e-52,Runx1t1,1.0525033,1.4881307872813008e-37,Rack1,0.51127344,8.962621051348571e-48,Vcl,1.8186133,9.793487296312157e-54,Ptms,0.9986807,1.622501956451868e-39,Fabp5,2.5596757,2.510270870204383e-63,Psma2,0.85023284,1.410619919643629e-19,Epas1,4.8258142,6.91911015709303e-66,Wfdc2,3.8215594,2.649254949154776e-12,Arid5b,2.5030982,2.299143047279953e-13,Ctsc,4.6603184,1.2264431622897012e-10,Atp1b1,2.8083723,2.0128918811880065e-06
Id3,1.0931249,3.2263606121864665e-100,Nfix,2.036222,1.458573154816048e-276,Rpl17,0.3779535,1.2108887191860097e-67,Scx,2.6406748,3.798916003708993e-52,Hspa5,0.67019314,3.677835827365297e-37,Rpl15,0.5142113,9.643616954872969e-48,Chrm2,3.0063283,1.1256507798842019e-53,Atp1b3,1.9709141,2.586124537429757e-39,Lgmn,3.5129552,4.688475204162848e-63,Lgals1,0.61008936,1.9971665512331605e-19,Ebf1,2.7982187,1.4096409940348483e-65,Aldoa,1.763682,3.10477338830844e-12,Gja1,4.9382186,2.350171054134007e-13,Igfbp7,2.6587217,1.388539429408715e-10,Sytl2,3.5535583,2.5877176633899825e-06
Alcam,1.3626472,1.2060222652148134e-98,Tppp3,4.3676395,1.143431726604045e-272,Slc25a3,0.6056003,3.872024887398192e-67,C1qtnf4,1.4269282,2.0381900885487585e-51,Id2,0.9625796,5.587864591835916e-37,Psmb6,0.8095633,3.925599840756043e-45,Slc25a3,0.8585075,1.6505360667769756e-51,Cxcl16,4.6565022,4.474925214049362e-39,Id3,2.0170698,1.4149173854242645e-62,Lsm5,1.1531774,2.0254836422316612e-19,Rasl11a,4.0934615,1.646943664553858e-65,Krt8,4.964261,3.5228978753149376e-12,Tbx2,3.3256562,3.4514348341631077e-13,Cebpd,3.8989747,2.2214388173050383e-10,Ctsk,2.5234807,4.09529525260733e-06
Sparcl1,1.0746131,2.1214007623789823e-98,Zeb2,1.9854413,1.983087116559025e-267,Fgfr2,1.9399343,3.8659530487810497e-66,H3f3a,0.30728227,9.489235410805537e-51,Rpl9,0.7940314,9.284017897004384e-37,Slitrk6,2.8865647,6.348531578265712e-45,Crispld2,2.7244186,2.588039317342832e-51,Hmcn2,4.843193,5.545377122032563e-39,Ets1,2.8796797,2.214274823091075e-62,Snrpd1,0.86141396,2.030795538390034e-19,S100a11,1.9637579,2.1342357945972855e-64,Meg3,1.2024518,3.672013304112336e-12,Col6a1,1.8675777,5.16381732640375e-13,Ifitm3,1.5583763,4.46390406506041e-10,Lsp1,1.7211194,4.218790013280292e-06
Anxa2,1.0740868,5.018587047363397e-98,Anxa2,1.8162743,2.1736856771044646e-264,Hsp90ab1,0.47169122,1.0273719258212183e-65,Tubb2b,1.0540541,2.1675744946154664e-49,Ubb,0.3496963,1.5977682944675707e-36,H2afv,0.9046003,1.1884421230593447e-44,Mtcl1,4.4035697,6.071295468688871e-49,Ifitm3,1.0934266,2.5070817577901656e-38,Gipr,7.963018,8.79932037582828e-62,Cks1b,1.0831028,2.436812566576699e-19,Cbfa2t3,4.373946,4.894234095235984e-64,Rhou,3.096999,4.7910523764011765e-12,Cebpb,3.408837,5.197447899383012e-13,Gpx3,3.5103014,6.864196427340926e-10,Thbs4,3.0368795,5.0009192849639725e-06
Rplp0,0.48532316,3.4582820090639192e-96,C1s1,4.870206,2.8832313038974864e-258,Rgmb,2.0685635,1.718868069830077e-65,Cdh3,1.8364781,3.4923471162665434e-48,Tenm3,1.1246936,7.416025042911064e-36,Calm1,0.7522123,3.72064550303325e-44,Actn1,1.3481902,4.8310132512662925e-48,Uqcr11,1.2716055,1.1639616269741472e-37,Lhfp,2.7730474,4.759064937196043e-61,H2afx,1.3286917,3.822619040067294e-19,Tbx2,3.3346095,2.521962849135993e-63,Ftl1,0.84836483,6.80056176836484e-12,Serping1,2.6477525,1.9035649242621933e-12,Foxf2,4.8325295,8.053231208183129e-10,Prkar2b,3.2985098,5.902058596922331e-06
Cxcl12,1.0601915,2.0239934408068817e-95,Cavin1,2.2338905,2.9956344113381926e-253,Cnn2,0.9151597,9.019364667388426e-65,Dnaja1,0.6375692,5.039715253517234e-47,Rpl11,0.4306522,1.3131637463379097e-35,Wnt5a,1.4226712,5.121010046733268e-44,Aprt,1.0925454,2.61964261640958e-47,Bpgm,3.2796075,1.2912576076357845e-37,Pik3r1,2.870674,1.6353251752258012e-60,Elob,0.6340209,5.164446976388515e-19,Heyl,3.9517076,1.3100394082915963e-62,Ppp1r12a,1.8457438,7.696980656196525e-12,Mpzl1,2.5300796,2.0190417655236513e-12,Pcsk6,6.1156397,1.022769071563376e-09,Itgb1,1.2957684,6.069148760436488e-06
Rps5,0.5358687,2.251339943268931e-95,Ppic,1.3411182,1.8503224302345173e-252,Tshz2,0.64688945,3.801950593892709e-64,Hnrnpa1,0.5105609,6.266295411717063e-47,Tgfb2,1.6514394,1.3156212888654856e-35,Lum,1.2897477,8.509713736161552e-44,Pcp4,5.604567,2.923723422078349e-47,Uqcrb,0.9418656,1.7922288070681957e-37,Rgs4,7.013495,1.6486246082147777e-59,Mest,0.9032418,6.046740136419107e-19,Gucy1a1,2.7317712,1.4536600485616364e-62,Hand1,2.856067,1.0583843544929494e-11,Man2a1,2.8425348,2.662639385682313e-12,Lamc1,2.7144616,1.1055735874183581e-09,Tril,2.7215343,6.448096924433545e-06
Serpinh1,0.551822,6.653088995153643e-95,Rnase4,3.170476,3.72206301895631e-241,Rpl14,0.34671745,7.47175550637952e-64,Pafah1b3,0.77956057,1.8694874914587258e-46,Gng5,0.49104142,2.0965268267335293e-35,Eno1,1.2040808,1.2828191320449104e-43,Kcnd3,5.041809,3.188199752992061e-47,Cox7a2,0.94257575,1.1241364560611753e-36,Slc12a2,3.0443327,3.0665120499578946e-59,Rpl22l1,0.58218527,7.50288300378804e-19,Fam241a,4.2029777,2.112695188194237e-62,P3h4,2.2478912,1.1009215423690878e-11,Rfxap,3.0624135,2.7374077568531535e-12,1700025G04Rik,2.7851932,1.2259042074125278e-09,Tshz2,1.0916256,9.748431902823122e-06
Rpl18a,0.4556797,2.3732199223832277e-92,Cygb,3.2382333,5.328661312711019e-240,Rpl18,0.44792503,1.2756538838569275e-63,Ltbp1,1.3075619,7.060658194830809e-46,Nefm,3.3760839,4.902878918031294e-35,Eif5a,0.7685199,1.290061160997044e-43,Clmp,1.5171417,4.385749379770691e-47,Slc25a5,1.2821062,1.223374514331839e-35,Ednra,3.1150324,8.763346608547923e-59,Ybx1,0.6138914,1.0794686364057988e-18,Uba2,2.7245286,2.7635730324066173e-62,Efnb2,3.0863414,1.109414611258882e-11,Ggt5,4.4432693,4.09179805775638e-12,Tnc,4.1055775,1.2435694704073883e-09,Dpt,2.9562972,1.0664506333822177e-05
Bambi,1.5034885,4.093656680400971e-92,Mgp,2.3775027,3.3981006955770222e-233,Rbpms,0.8726229,3.775940094779188e-63,Npm1,0.47714776,1.3988442617868878e-45,Shisa2,3.2340121,5.141945528998274e-35,Tpi1,0.8934779,3.4709601776414245e-43,Khdrbs3,2.0556524,1.6408999748267065e-46,Pde5a,1.9338903,1.7229932511532263e-35,Crip1,2.9203103,3.563024602320913e-58,Hmgb3,1.1660075,1.1085938440706667e-18,Fhl1,3.6942825,2.932024556879388e-62,Zim1,2.2152271,1.4526399098211066e-11,Ckb,2.5095575,4.1908824757431905e-12,Slitrk6,4.3785343,1.5162610052572136e-09,Pbx3,2.398306,1.0685381703827527e-05
Sf3b5,0.83240163,1.0046160613175484e-90,Cpe,1.7619461,2.4728158147784402e-231,Itga8,1.8547118,8.721716100009642e-62,Mif,0.68702936,1.520587247156933e-45,Pdia3,0.64206415,7.002897608948079e-35,Etfa,1.2704487,4.1000878972000435e-43,Cox5a,0.9959046,1.5778063942946844e-45,Ints6l,2.6354306,3.404149392141904e-35,Gcgr,9.998906,7.407984205824365e-58,Jpt1,1.052587,1.1817492058460375e-18,Myl6,1.3927013,1.7336757465575254e-61,Grina,2.7689528,1.790185419789871e-11,Ifngr1,3.8076441,5.9159850780908845e-12,Rnase4,3.3694513,1.5486817641924692e-09,Ttyh3,2.334954,1.1100335313185176e-05
Rplp2,0.47108582,1.0607164253309895e-89,H19,1.1339469,2.0188590555064825e-230,Fau,0.31225365,1.0496461766395798e-61,Psmb5,0.6912804,1.6396776335936197e-45,Id3,0.91092163,1.435694825927985e-34,Ogn,1.4588449,1.8066916390959875e-42,Dynll1,0.6471504,4.6654180060515843e-45,Asph,2.1218202,7.450958001601298e-34,Ptprb,7.2645974,1.4594009239635082e-57,Sfr1,0.6887233,1.2203551935315152e-18,Anxa3,3.6612532,7.721122235971037e-61,mt-Nd4l,1.7222035,1.9671332662296118e-11,Fhl2,3.2389073,8.214456991366179e-12,Pmepa1,2.319985,2.8964943284956354e-09,Tnc,3.1331356,1.1231078373082792e-05
Rpl10a,0.41568723,1.9708193022790767e-89,Nrk,1.9223144,3.605696407938493e-228,Mapk13,1.7748836,2.9475637785585927e-61,Hsp90aa1,0.6232785,2.9721914177245033e-45,Rpl23a,0.42714018,1.515945236342778e-34,Cavin2,1.4643251,9.053281304942666e-42,Actg1,0.5985714,2.2558025702881366e-44,Kcnk3,2.1475165,9.062699264175791e-34,Serinc3,2.6410382,2.3670908436196686e-57,Psmb6,0.77779263,1.7859763207556633e-18,Serpine2,2.756479,1.342259353618815e-60,Pgam1,1.3555001,3.157529224711758e-11,Ctsb,2.4059985,1.0073389550103668e-11,Bmp2,7.68327,3.4941115638151774e-09,App,1.5213326,1.1899427932533038e-05
Dad1,0.6782998,3.282621531173782e-89,Penk,4.13154,4.802786197723455e-228,Myl9,0.9712714,4.231428640864395e-61,Snrpe,0.58292663,1.031954439810609e-44,Hnrnpc,0.70459574,1.2553011398532265e-33,Chst15,2.1664753,1.1790498397021793e-41,Sbspon,5.236072,3.530088784574379e-44,Tmsb4x,0.64237505,2.7943846129438126e-33,Spon2,3.9429967,2.5455856089942774e-57,Actg1,0.55708206,2.3883844981930053e-18,Iqgap1,2.8631365,3.638046482214647e-60,Asb4,3.9964755,3.3037807015130875e-11,Malat1,1.1563379,1.1891123492781821e-11,Ptprk,3.9682417,4.127470765886032e-09,mt-Cytb,0.5230398,1.3038682038127203e-05
Eef1g,0.6864419,1.4734954298191796e-88,Prss23,2.650399,5.878590073847537e-227,Edn3,1.950208,4.3600865950242e-60,Fkbp3,0.7100424,4.567611131953634e-44,Ftl1,0.40044972,1.8357686770264252e-33,Fn1,1.0904002,1.2791791207884629e-41,Kif5b,1.1259266,9.50422479252839e-44,Cyba,1.1477333,4.181653127215407e-33,Cebpb,3.3251767,4.0027000814664873e-57,Cdca8,1.8985492,2.8037959289183836e-18,Vcl,2.9660804,7.063795412557283e-60,Tmsb10,0.9230966,3.321820188085174e-11,Col4a2,2.2673783,1.607330085689644e-11,Stox2,4.891354,4.1304841457927725e-09,Kcnj8,2.0013437,1.3627943493508891e-05
Rps16,0.4019547,1.0601883959602797e-87,Thbs3,3.393471,9.511591122233977e-227,Bcl11a,1.4857177,1.0292442938266215e-59,Cox5a,0.6711559,8.561378211021786e-44,Hand2,0.98319405,3.129548962774559e-33,Hmga2,1.4235357,1.3362435177344746e-41,Sntg2,2.4048972,1.885628249396079e-43,Atp5a1,0.75766736,5.778062765533309e-33,mt-Atp6,0.64129907,4.912573658294528e-57,Hist1h1c,2.1808286,2.9881874151508247e-18,Rbpms,2.0685527,1.2400374123171006e-59,Dcn,2.7144434,3.8999400137654096e-11,Akap7,4.3545036,1.8113508850959133e-11,Myh9,2.3917828,4.150123372131595e-09,Adgrl2,1.8986977,1.4348295297567537e-05
Serf2,0.44070444,1.9103567740106928e-87,Htra3,2.5980496,1.5157123507447267e-224,Id2,1.0497457,1.594984280420403e-59,Actg1,0.4559141,8.708807504227645e-44,Gabarap,0.5546499,6.929483547143823e-33,Stmn1,1.0849478,1.7845104264183274e-41,Calm1,0.84595937,1.1767708899515181e-42,Irf2bp2,1.7315689,1.1182601013557103e-32,Esam,4.9434075,1.4812217017576307e-56,Ostc,0.78141296,3.130571990605022e-18,Axl,2.5274765,1.332773552730159e-59,Tmem108,3.9293857,4.919237055614301e-11,Lhfp,2.6702688,1.975121139671772e-11,Ece1,3.3721392,5.025677693246979e-09,Atp1a1,1.8510088,2.0041881768498638e-05
Sulf1,1.285581,7.976797389756891e-85,Meg3,0.9724711,3.6070628633566017e-221,Sub1,0.53647524,9.77968960689754e-59,G3bp1,0.726377,1.6411290160624515e-43,Hnrnpa1,0.50667983,1.5545995005682425e-32,Serbp1,0.6806291,2.138856932298136e-41,Stmn1,1.2489098,2.0665521400964874e-42,mt-Nd3,0.7423933,3.2587777581177013e-32,mt-Co1,0.6828313,4.931847566549832e-55,Clic1,0.73521686,3.6311323179607775e-18,Prkar1a,1.9232156,1.3817007582468376e-59,Colec12,2.2409348,4.9247352967783604e-11,Cd302,2.903726,3.20009359842234e-11,Foxq1,6.2120895,5.462752104975526e-09,Rarres2,1.7385982,2.1826249432725757e-05
Cd63,0.63149995,1.6672498510068125e-83,Rrbp1,1.2416655,1.0794976443924285e-217,Naca,0.36076936,1.4474124052168664e-58,Psmb6,0.63283837,2.1717471931215736e-43,Hbb-y,1.9829049,3.6046379377032443e-32,Prdx2,0.6559298,5.034031685741097e-41,Egln3,2.4913034,3.611135201110062e-42,Pam,1.9141068,9.756894867405002e-32,Itm2b,1.2538332,1.1165521889514812e-54,Cdkn3,2.6431823,6.6463349725497826e-18,Des,2.4453743,3.175214640076783e-59,Mfap2,1.069933,8.660719057667657e-11,Epas1,4.3723264,3.783666858953654e-11,Col4a1,1.8212378,8.128999100293875e-09,Ahnak,1.410621,2.3490392577341095e-05
Basp1,0.77011967,1.2099083519386294e-82,Mmp23,2.728642,5.366661416887209e-216,Ppp1r12b,1.4076722,4.6076896490762756e-58,Ndufa4,0.5472667,2.8203804680794604e-43,Ntf5,2.1233995,3.8855293061375535e-32,Pgam1,0.79866046,1.2247992558794192e-40,Mtus2,2.166528,3.62084715745873e-42,Vim,0.87930256,3.388359314973071e-31,Sptbn1,1.6143585,1.8521337843953293e-54,Atp5j,0.63451254,1.8822707756718332e-17,Mylk,2.6365712,1.00618345673706e-58,Plpp3,2.3845272,9.198781428173856e-11,Imp3,2.1027222,4.1284290029418646e-11,Aldh1a3,5.1596394,1.623632589825027e-08,Rab18,1.416567,2.3694147901925188e-05
Meg3,0.55740047,2.3886922199627653e-82,Sptbn1,1.3724276,1.996435200594057e-215,Kit,1.9257766,4.906218991865574e-56,Hmga2,1.256765,3.927883092867045e-43,Amot,1.6198307,4.110612612727467e-32,Tmem176a,1.100229,2.23981603984863e-40,Sh3bgr,5.1595025,3.6452408646267364e-42,Mdfic,2.7165246,4.550765730366679e-31,Rgs7bp,3.7251415,3.7513032757280465e-54,Rtraf,0.73148566,2.311420157615675e-17,Itga4,5.2421336,1.874801964248819e-58,Kdelr2,1.4375441,1.4392757946612798e-10,Bmp4,3.267566,4.48428384199146e-11,Sept4,4.144234,1.881846149007307e-08,Adgre5,3.165644,2.381720711474195e-05
Igf2r,0.86349237,5.838746191484075e-82,Ogn,2.222767,8.824857954873267e-214,Rpl26,0.29047886,5.90851053971456e-56,Zfhx4,0.9263782,1.6085296793060682e-42,Snai2,1.0373323,7.889555070745325e-32,Hdgf,0.98745877,2.887418299575937e-40,Pkm,0.9498236,9.264758025666776e-42,Ddx5,0.7500317,7.247996362737363e-31,Axl,2.3202918,1.3153509845141703e-53,Ywhaq,0.7005227,3.691432201130851e-17,Hey2,4.4866753,4.278728858752642e-58,Tpi1,1.3925483,1.7756301096506572e-10,Tmem178,6.2166433,7.535543069819542e-11,Spock3,7.069658,1.9116971624862673e-08,Ifitm2,0.76404625,2.418245715714957e-05
S100a11,0.868099,3.769531401349578e-80,Pi15,3.326741,5.136822392499634e-212,Rnd3,1.0444242,4.988230175064728e-55,H3f3b,0.34113413,6.107968598727772e-42,Igf2r,0.75127065,2.269058584451163e-31,Rps4x,0.3971105,7.479266514739417e-40,Ndufa4,0.7867909,1.2405345003513542e-41,Spint2,2.9574068,4.757203188675297e-30,Lpl,3.4300392,2.797315251544963e-53,Tacc3,2.1754353,3.880861383554431e-17,Atp1b2,4.203829,4.671925416910046e-58,Anxa2,1.7267263,2.2002358407297202e-10,Mafb,4.021881,7.681553146612603e-11,Apoe,3.5854397,2.0269029933071166e-08,Mfap4,1.3075935,2.675017362776361e-05
Gabarap,0.6061486,5.142029668842189e-80,Thbs2,2.6152446,9.057788960890809e-212,Eef1a1,0.23638786,1.3284777044571814e-54,Rarb,2.2002597,8.050436753398418e-42,Npm1,0.46933788,3.0398282405464293e-31,Hmgb3,1.1094365,5.355297621746357e-39,Angptl6,3.3140907,1.2805827076245275e-41,Mgst3,1.9563887,9.266949011752251e-30,Fn1,2.0817697,6.696663592123317e-52,Sem1,0.6635471,4.1112093292247303e-17,Tpm4,1.8316481,4.8893958849459655e-58,Add3,2.3343198,2.839006394087448e-10,Rock2,2.3403091,8.123663137764834e-11,Ghr,2.381134,2.302974407173138e-08,Ncald,3.0696125,2.8083340567739014e-05
Hspe1,0.64621526,3.7108245875225915e-79,Agtr2,5.1263065,8.748297678198564e-207,Osr1,0.9248712,1.7796039878856935e-54,Gdf10,1.5674609,2.1114245166251377e-41,Gm42418,0.6755808,3.0558004580405235e-31,Nkx2-3,1.0485245,2.358074164461619e-38,Speg,2.2196667,4.775517348062586e-41,Cox7c,0.78393906,2.0887546796090562e-29,F2r,2.8399062,9.495246032313969e-52,Glrx5,1.0904168,5.433599028092432e-17,Atp2a2,2.3383238,1.8600838844754205e-57,H19,1.2154807,3.549943538693625e-10,mt-Nd4,0.71488166,1.1100057497535032e-10,Ptpre,6.124252,2.7787273353325785e-08,Pros1,2.5851922,2.9964048238663555e-05
Gnas,0.32609713,4.806093350573555e-79,Rpl38,0.8430056,9.13197233087251e-207,Rps3,0.3967932,3.177549735173469e-54,Myh10,0.81341815,3.6634870088372493e-41,Set,0.5552265,3.179286972151012e-31,Srsf3,0.68742263,3.27434125250458e-38,Gm45716,3.1238842,7.420350672594182e-41,Rab28,1.7701651,7.071625220025658e-29,Rcsd1,3.3451037,4.1572177691238895e-51,Tuba1a,0.9536717,5.554738247889245e-17,Rasl12,5.8990364,2.2589334104434203e-56,Klf6,2.5365236,4.5829116479736613e-10,Stox2,4.452906,1.2390325287658565e-10,Lxn,3.8701768,2.822787769743641e-08,Filip1l,1.8010374,3.0531794301843e-05
Mif,0.75394607,1.2308543610573123e-77,Loxl1,2.150577,1.6946144756936044e-206,Myh11,1.727826,4.5915589194001323e-54,Hoxd3os1,3.8718042,6.03312475474285e-41,Efhd2,1.3624763,3.542408816837206e-31,Iqgap2,1.5556751,3.337630827614911e-38,Fblim1,1.535272,1.1677509787754441e-40,Pcp4l1,3.7601616,7.22174244915519e-29,mt-Co2,0.5842966,1.6796074341097515e-50,Nedd8,0.70697236,9.634418123581351e-17,Crim1,4.391165,5.238893336287009e-56,Atp2b4,2.0622392,4.596717698358626e-10,Pdlim1,4.352218,1.5991509483805863e-10,Fst,3.0647516,3.1108380808603206e-08,Nfia,1.3173622,3.0702674112954577e-05
Rpl23a,0.438798,1.6827515349371414e-76,Emp1,2.5858517,1.77059317742936e-204,Rps15a,0.26880017,1.6192190624681708e-53,Ldhb,0.87865996,6.759125753913215e-41,Rai14,1.5788605,6.828350928064403e-31,Sfrp1,1.1491214,3.287537368711339e-37,Cfl2,1.077466,3.9650496294059e-40,Cox5a,0.98850924,1.1104104294224337e-28,Emid1,4.420883,1.9740797243144159e-50,Top1,0.79116094,1.2227702258197572e-16,Wtip,2.7347484,6.68424609811982e-55,Pid1,2.890175,4.6121960300563315e-10,Ptgs1,5.2850904,1.6208514471368023e-10,Itm2b,1.3058845,3.319455422320714e-08,Jam2,5.1213694,3.077414193397383e-05
Sfr1,0.5963508,7.093814647421689e-76,Nrp1,1.6624315,5.951648702860117e-204,Aldh1a1,1.8603675,2.5264343883031616e-53,Rdh10,1.5426294,1.5583569241471384e-40,Anp32a,0.75723624,7.712398072790617e-31,Asph,1.4755552,4.137979595701492e-37,Purb,1.0635717,5.134743767262293e-40,Aldh1a1,2.3543832,1.6357770361863586e-28,Raph1,2.6398034,7.833346852048145e-50,Snrpc,0.87420124,1.282919334178486e-16,Ndrg2,3.2608202,1.809839130165256e-54,Phactr2,2.0260203,4.796860686645818e-10,Thsd4,5.1336784,1.9047923311147312e-10,Neat1,5.6308084,4.3371538724364495e-08,Lpgat1,1.9932625,3.153172003874311e-05
Rpl24,0.31052783,8.495993386599362e-74,Aspn,2.901058,1.86347630834341e-201,Rpl12,0.32567173,2.8890760686019805e-53,Cdc42ep3,1.5114986,2.991712716174921e-40,Plagl1,0.71765536,1.1489242419990912e-29,Hnrnpd,0.758283,6.677694908603014e-37,Ppp1r12a,1.2121259,1.6257927151645718e-38,Usmg5,1.1898452,1.6797096484921957e-28,Lamc1,2.3283958,2.065350308022361e-49,Pimreg,2.2988353,1.8178631717404678e-16,Actb,1.0664426,5.520331898589474e-54,Actg1,0.7981474,5.233129702547468e-10,Ecm1,3.378114,2.7366031581652174e-10,Gnao1,4.062025,6.083025476924792e-08,Lamc1,1.9021385,3.213758155230646e-05
Sh3bgrl3,0.8147952,1.3360855722187238e-73,Antxr1,2.7376635,9.019206438731006e-200,Cyba,0.7073099,1.5154396788960608e-52,Chd3,0.7310683,4.746158899179543e-40,Slc38a4,1.0547291,6.443388953273651e-29,Mrpl23,1.0573947,2.2165211569200156e-36,Cd24a,1.4909713,1.706314515335729e-38,Rnf7,1.0113807,1.8784511400987193e-28,Lims1,2.0684428,1.294744759775262e-47,Chchd2,0.53233075,1.943878761348214e-16,Itga7,6.6517115,1.6154999704961283e-53,App,1.6340657,5.691982735060229e-10,Apoe,3.4902167,4.3878271379792e-10,Runx1,4.901966,8.107400517007194e-08,Rdh10,2.4104664,3.216741689320502e-05
Peg3,1.040026,2.0199614467692523e-73,Ndn,1.4546027,1.4264944099161918e-198,Rps9,0.40120003,4.067637289081931e-52,Rps13,0.33070552,7.514202251914197e-40,Sox6,2.2503636,1.2506656096360871e-28,Hnrnpa0,0.61873853,3.736669755431895e-36,Nnat,1.2898976,2.1613115120393791e-38,Mdh2,0.9654815,2.2591171722035243e-27,mt-Nd2,0.641976,4.0671270537070965e-47,Atp5b,0.6302294,2.788971786020664e-16,Csrp1,2.6575758,2.0543300439284236e-53,Col6a3,1.7312747,5.896886180969216e-10,Crip2,2.932012,4.454339856246222e-10,Pxdn,2.31298,9.928799699358806e-08,Ramp1,2.6939733,3.286601379441973e-05
Ssr2,0.69761777,8.216216324664853e-73,Kctd12,2.2396712,6.579486600826664e-198,Kcnk3,1.3842789,4.1865100060061866e-51,Clmp,0.94502115,9.021731327673153e-40,Flrt3,1.4190906,2.7161184551386118e-28,Eef1b2,0.5735797,5.462002468052349e-35,Hmgb3,1.2451748,1.244398088581713e-37,Serpine2,1.7752621,5.8961393889317895e-27,Mprip,1.7974914,4.81975640054315e-47,Rbx1,0.65262616,2.850860209081099e-16,Zeb2,2.143041,2.7366420651152884e-53,Me1,3.3997633,8.430197772536901e-10,Plvap,4.732016,4.996770384206703e-10,Dach1,6.481012,1.1742838160765175e-07,Kctd12,1.7463368,3.579066976069835e-05
Cnpy2,0.7332828,6.627711216322665e-72,Marcks,0.97913444,1.0097843109969095e-193,Actg2,1.1890998,4.7125977583044114e-51,Serbp1,0.5314733,9.023795872490768e-40,Ptprd,0.9305883,4.747535439836842e-28,Snrpb,0.7270451,6.026453909383036e-35,Anxa6,0.9472186,2.020058752365607e-37,Cox6c,0.67711496,1.6901824987419477e-26,Psap,1.5558481,5.703236437479093e-47,Ppp1r14b,0.7908892,2.872739550994644e-16,Ntrk3,3.632247,7.130602719646246e-53,Msx1,6.1891294,8.594888288874569e-10,Foxq1,6.227061,5.058982693639813e-10,Agap1,2.9875276,1.2663494873407832e-07,Nfkbiz,4.9211845,3.65806149727987e-05
Rps9,0.40090716,1.5278472947916437e-70,Gnas,0.55935687,1.985304042631035e-192,Eif3h,0.52846795,3.4196796256574774e-49,Lpar1,1.0783404,1.2714652393202206e-39,Rpl3,0.431174,2.1657294938491724e-27,Ldha,0.8321977,6.3745494652205e-35,Daam1,1.8874903,2.2280227011454264e-37,Map1b,1.4258476,5.176370376530688e-26,Atp1b2,3.9855866,1.4347609975492017e-46,Atpif1,0.5906259,2.971345199629413e-16,Ppp1cb,2.014359,2.1092962976617032e-52,Lgals1,0.9312662,8.851675482537793e-10,Ifi47,5.9308763,5.467846594182155e-10,F3,4.9081573,3.326235038700951e-07,Clmp,1.7642761,3.7369884051016285e-05
Fxyd6,0.9638626,1.942576227985709e-70,Mest,1.2675573,2.1597749440142733e-192,Rps15,0.33009225,3.511015949765943e-49,Oaz1,0.5016809,1.6119435949384192e-39,Chd4,0.6790952,2.8044239019688327e-27,Polr3k,1.2060094,1.0751036691071636e-34,Naca,0.4601423,9.381720429267027e-37,Gdnf,3.1202633,1.0627693067567174e-25,Ptp4a3,3.14567,7.13823134816574e-46,Hdgf,0.9226351,4.0773786318812414e-16,Rock1,2.040633,2.3418135330734354e-52,Bbx,2.1206527,9.238880171170092e-10,Txnip,1.9765664,5.505827028587222e-10,Lmo3,8.607841,3.585158549570187e-07,Pdgfrl,3.6025982,3.797096098725629e-05
Dcn,1.2097973,7.64893681268446e-70,B2m,1.6777958,9.62476710934729e-191,Pbx1,0.5895315,7.63981903888968e-49,Sumo2,0.4362416,1.9497388999083308e-39,Rps26,0.33842176,6.746657025813604e-27,Cdc26,0.8948731,2.0942919453392264e-34,Ednrb,2.132557,9.033411446735279e-36,Pnkd,1.4377475,3.180251899122922e-25,Itgb1,1.3243521,7.61750873012394e-46,Cwc15,0.95498013,4.139466088631294e-16,Rcan2,7.796833,4.8991003387399505e-52,Fam114a1,2.1295083,9.295295466529111e-10,Igfbp4,1.3341646,6.186523140637539e-10,Fgf9,8.083277,3.733076379627601e-07,Slc25a5,1.3555945,4.067293385535638e-05
Ostc,0.64485335,1.7898637703503033e-69,Malat1,0.83656394,2.451534717227545e-190,Rps8,0.24887389,1.0787862610553547e-48,Lbh,1.0434568,4.359001170600681e-39,Anxa2,0.7835996,1.5312460507566292e-26,Rhobtb3,1.1960589,2.773080087163258e-34,Nxn,1.3606262,1.210654996125521e-35,Ndufa4,0.6768126,4.933207376074639e-25,Rasl11a,3.7538571,2.0283713886162938e-45,Psmb1,0.70420533,4.533383022520979e-16,Aspn,2.8628786,7.161089426162352e-52,Calml4,2.3980775,1.0325265606194362e-09,Itgav,2.8571875,9.198859220671598e-10,Smad7,2.4674523,4.217697316132177e-07,Atp2a2,1.7778771,4.151402983531289e-05
Atp5g1,0.6155208,2.511805517514793e-69,Serpinf1,3.037213,4.260309989069515e-188,Nrp2,1.0557748,7.192222758518749e-48,Pdap1,0.6966761,8.435750420705852e-39,Loxl1,0.91493636,1.6925372973405723e-26,Lgals1,0.56413704,4.720245614875403e-34,Foxp2,1.3721126,1.9416142240876633e-35,Col4a1,1.026783,5.975878491280342e-25,Car2,4.9461613,4.2098460127475045e-44,Cct5,0.7572985,6.810098688295243e-16,Tgfb2,3.2503183,7.296552212615083e-52,Scd2,1.4907057,1.517630223805901e-09,Tnc,3.7407568,1.4798411077155731e-09,Sox6,3.6662123,4.930002257045696e-07,Rgmb,2.5461283,4.195354258477879e-05
Rps3a1,0.3106537,4.542452652453414e-68,Rhoj,2.267585,1.3895909578429473e-186,Ppp1r14a,1.0471603,3.4583685068034723e-47,Ddah2,0.6445025,1.0104303314802554e-38,Eid1,0.51484936,3.259133685169741e-26,Rpl12,0.38869914,8.71646500850836e-34,Prdx6,1.1726638,3.0111147775709356e-35,Idh3a,2.0486114,1.1112845067653467e-24,Aldh1a3,4.750062,4.780773425548621e-44,Ube2c,1.2592008,1.0349738030845728e-15,Stbd1,2.9022892,8.251989000332718e-51,Serf2,0.77428705,1.6193667155200395e-09,Nid1,2.0474236,1.54748755011044e-09,Inhba,5.947819,6.261116872145517e-07,Jak1,1.489867,5.0492928026517826e-05
Selenow,0.56854576,5.326381787800048e-68,Itm2b,0.94402647,1.6035355525398873e-186,Rspo3,1.3251206,8.034431096360867e-47,Cct7,0.70413727,1.4411559123785782e-38,Ube2e3,0.7220873,3.261731887365737e-26,Ccdc34,1.1057515,1.3830234367240168e-33,Hspb1,2.3450377,4.6028204869548107e-35,Malat1,0.6245817,1.4019933245462216e-24,Adgre5,3.6480427,5.26426930929834e-44,Atp5f1,0.6300775,1.1328590192640648e-15,Ctgf,4.49782,1.0443479778122671e-50,Map1b,1.8190477,1.7241916996512875e-09,Vegfc,3.9671457,1.5486166089086131e-09,Ppp3ca,2.3491797,6.307234619974575e-07,Blvrb,1.584933,5.164219084542503e-05
Pfn2,1.0218439,2.2587013699716103e-67,Rarres2,1.8060247,2.5966359897883567e-186,Ndufc2,0.50365055,1.532439104982763e-45,Foxp1,0.8331785,1.4567094492390206e-38,Tmsb10,0.43733925,3.951992914174656e-26,Mpp1,1.779126,2.731177949708591e-33,Hspd1,0.9550332,7.997961141638922e-35,Aes,0.9292337,2.0925401349888656e-24,Pten,2.0614583,6.290794575192059e-44,Ccdc34,1.1331134,1.165051397139562e-15,Plxnd1,3.702725,3.5626976581359656e-50,Ramp1,2.6807902,2.1203426443712967e-09,Pcsk5,3.9458277,1.5924109495667087e-09,Ctsb,1.8128217,7.084571503966707e-07,Serping1,1.9100637,5.529874974411905e-05
Cox6c,0.51749295,7.87814921888699e-67,Fbln2,2.9864075,2.3461761045988663e-185,Dkk2,1.4061575,5.4651622027675307e-45,Rps19,0.361198,8.043328376726544e-38,Phactr2,0.99118686,1.6233434927941863e-25,Rpsa,0.49101177,3.3602503604076205e-33,Hsp90ab1,0.56042695,1.015817791803184e-34,Fgl2,5.21845,2.3238745175141454e-24,Prex2,4.9749193,7.873003042408525e-44,Eif4a1,0.56798655,1.386597580742319e-15,Carmn,2.7695494,4.368515367994307e-50,Kdelr3,2.0580943,3.087490134749347e-09,Fn1,2.076418,1.6693123577110128e-09,Nupr1,3.3906875,9.473329569029431e-07,Sh3bgrl,1.3348565,5.963594301921599e-05
Rcn3,0.74846727,1.296629665211388e-66,Prrx1,4.1639166,3.3761114390722915e-185,Eif3e,0.47311723,3.2163006008087435e-44,H2afz,0.6753415,8.880641716764417e-38,Cald1,0.5585953,1.029083975120345e-24,Lmnb1,1.099149,1.1613225925320205e-32,Hmgn1,0.67699385,1.733802199234291e-34,Mboat2,2.5898726,2.5150184430646952e-24,Zeb2,1.8398855,2.1936815338662415e-43,Lsm3,0.9913099,1.4071951738850464e-15,Rock2,2.2951868,9.313340632564244e-50,Ppib,0.9188653,3.1506016414922517e-09,Pdgfrb,2.2918797,1.7314752522713354e-09,Ptgs1,5.116041,1.0076841410007995e-06,Hic1,1.7029593,6.965620668846713e-05
Rps3,0.38396475,1.3296091304310416e-65,Col16a1,1.9456404,2.422554557082189e-181,Rack1,0.35574305,2.0272790633045264e-43,Rnd3,0.9382705,1.7533961093736752e-37,Calr,0.5246815,1.4155332216814122e-24,Eny2,0.7555627,2.356433067947056e-32,Palld,1.2301329,1.8167820211354949e-34,Sptbn1,0.9334085,2.8877181068997697e-24,Nes,2.9515831,2.5231229096014874e-43,Kif23,2.174173,1.6208816811377101e-15,Zfhx3,1.9943492,2.2765969809228874e-49,Fkbp10,1.795202,3.198757803532486e-09,Vstm4,3.3411453,1.891933245515076e-09,Col4a6,4.936296,1.2071575098707024e-06,Pkig,1.5545048,9.65905275181432e-05
Itm2a,0.7219863,2.303960171585168e-65,App,1.4921937,4.303441534126804e-181,Gm42418,0.46241382,4.7717517801742416e-43,H2afy2,0.761619,2.876867133548086e-37,Eef1a1,0.2095157,1.6553036239224092e-24,Rps16,0.40525353,3.027699624232219e-32,mt-Nd5,0.59914964,1.2694229594179965e-33,Meis2,0.9093737,2.982805344494561e-24,Agtr1a,5.409136,4.86290866721376e-43,Hist1h4i,2.4952614,1.901020241438667e-15,Lmna,2.0957544,5.948947990747732e-49,Npc2,1.3579308,3.6454154137969175e-09,Tnfrsf1a,2.3231614,2.0705892046826758e-09,Nkx2-3,1.6550622,1.3235489804442822e-06,Dlc1,1.5132059,0.00010004467773261995
Rpl17,0.36864427,3.911587943448781e-64,Timp2,1.521815,2.713147269533728e-180,Map1b,0.95324826,6.491830576741094e-43,Rps14,0.42186397,3.322587112157034e-37,Rbms3,0.7187065,1.9062745091100713e-24,Jun,0.99161863,3.4754223653290645e-32,mt-Nd4l,1.1959338,2.473591545349576e-33,H2afy,0.8308479,3.394056628643255e-24,Ralgapa1,2.7482958,6.187295653413787e-43,Spc24,1.4260983,2.0470736245551125e-15,Hspb2,5.8537483,1.0345806523095385e-48,Selenom,1.4001336,3.7869887439006985e-09,Loxl2,2.0401087,2.869183399042804e-09,Prex2,4.8923793,1.395945824996703e-06,B2m,1.5276248,0.00010191150588531753
